cero_report,speciesCode,comName,scientificName,locId,province,locName,obsDt,howMany,lat,lng,altitude,subId,userDisplayName,comment,
1,comduc3,Comb Duck,Sarkidiornis sylvicola,L1905803,Zamora Chinchipe,Shaime,6 dec 2011,2,-4.316667,-78.65,c. 980,S41315527,D. Brinkhuizen,"Two individuals of undetermined age were observed, twice, flying along the Nangaritza River (Figure 4a). This constitutes the first known record in the Amazonian region of Ecuador [2, 10], though it is known from Amazonian Peru [11]. This record is located 150 km N of Jaén and Bellavista, Marañón River, department of Cajamarca, where sparse records of the Comb Duck have been obtained, and 370 km NE of the major Amazonian population in Peru at Huallaga River, south of Tarapoto, department of San Martín (F. Angulo and T. S. Schulenberg, in litt., October 2013)",
1,norpin,Northern Pintail,Anas acuta,L5220463,Imbabura,San Pablo Lake, 28 June 2012 ,1,0.216667,-78.2,2660,S51446485,"K. Terán Portelles,  P. Echeverría*",An adult drake was discovered during a monthly water bird census. The bird was found in a flock of c. 50 Yellow-billed Pintail Anas georgica (Figure 1a). After its discovery it was seen by several additional observers and was last reported seen on 18 July 2012.,
1,whcpin,White-cheeked Pintail,Anas bahamensis,L2761969,Pichincha,Cumbayá,1 November 2009 ,1,-0.193,-78.4268333,2460,NO_EBIRD,D. Brinkhuizen,"A single adult photographed in company of Blue-winged Teal Anas discors represents the first published record in the highlands of the Pichincha (Figure 4b). A single, previous record is known from the highlands [12], at Micacocha, Napo (3850 m), reported after Ridgely and Greenfield [2]",
1,cintea,Cinnamon Teal,Anas cyanoptera,L678940,El Oro,Santa Rosa, 1 June 2003 ,1,-3.45,-79.966667,10,S25119097,R. Ahlman,"One adult male was observed and photographed (Figure 3a) feeding along with a flock of White-cheeked Pintail Anas bahamensis in shallow waters. Location and date suggest southern subspecies A. c. cyanoptera, recorded from the Peruvian coast [2], but subspecies identification by plumage alone is not reliable [13]. If subspecies identity proves correct, this will represent the first confirmed record of nominate race from Ecuador. Northern subspecies A. c. septentrionalium cannot be discarded on location and date alone, as suggested by a recent record from central-west Manabí presented and discussed by Camacho and Wilson [13].",
1,norsho,Northern Shoveler,Anas clypeata,L2761796,Esmeraldas,Las Peñas, 6 November 2012 ,1,1.1,-79.15,0,S22837003,C. Vogt,"The single adult male observed at La Segua on March 2007 was at the time one the few published records from Ecuador [2, 14]. Records at Las Peñas (one female in November 2012, Record no. 2012-040; 26 males and females in December 2012, Record no. 2013-002) provide the first photographic documentation for Ecuador, at a new locality (Figure 2a). Additional recent sightings were published by Haase [15] and Ágreda et al. [16]. Haase [15] published a photograph apparently taken in Ecuador, though no locality data is provided, and three observations of a couple (February 1988) at Mar Bravo saltpans",
1,norsho,Northern Shoveler,Anas clypeata,L2761796,Esmeraldas,Las Peñas, 16 December 2012 ,1,1.1,-79.15,0,S22837003,J. Nilsson,"The single adult male observed at La Segua on March 2007 was at the time one the few published records from Ecuador [2, 14]. Records at Las Peñas (one female in November 2012, Record no. 2012-040; 26 males and females in December 2012, Record no. 2013-002) provide the first photographic documentation for Ecuador, at a new locality (Figure 2a). Additional recent sightings were published by Haase [15] and Ágreda et al. [16]. Haase [15] published a photograph apparently taken in Ecuador, though no locality data is provided, and three observations of a couple (February 1988) at Mar Bravo saltpans",
1,soupoc1,Southern Pochard,Netta erythrophthalma,L2034603,Manabí,La Segua, 3 March 2007 ,4,-0.7,-80.183333,10,S20165598,J. Freile* and P. Moscoso,"Three females and one male were observed in a large flock comprising c. 280 Blue-winged Teal Anas discors and c. 60 White-cheeked Pintail Anas bahamensis. Even though there are previous records of the species in this wetland and surrounding areas [2, 18], numbers are likely in sharp decline, with ours being the last confirmed observation at La Segua. Two observations are reported by Haase [15], one pair at Mar Bravo, Santa Elena, in July 1997; and a female at Pacoa, Santa Elena, in July 2005.",
1,rinduc,Ring-necked Duck,Aythya collaris,L2034603,Manabí,La Segua, 27 January 2013 ,1,-0.7,-80.183333,10,S127553191,"T. Seimola*, R. Ahlman, M. A. Corrales, D. Brinkhuizen, J. Nilsson, J. Freile","A single second-year bird recorded at La Segua (Figure 1b) was in a flock of 95 Lesser Scaup Aythya affinis that remained in the area from December 2012 through February 2013 (see below). After its discovery, it was re-located by several observers and last reported on 19 February 2013 by M. Lysinger. An adult female was photographed at Micacocha lake; photographic evidence demonstrates that it was a different individual (Figure 1c). The latter was only observed that day.",
1,rinduc,Ring-necked Duck,Aythya collaris,L635406,Napo,Micacocha, 25 February 2013 ,1,-0.533333,-78.183333,3900,S127553343,"D. Brinkhuizen*, Ø. Hagen, T. Hagen","A single second-year bird recorded at La Segua (Figure 1b) was in a flock of 95 Lesser Scaup Aythya affinis that remained in the area from December 2012 through February 2013 (see below). After its discovery, it was re-located by several observers and last reported on 19 February 2013 by M. Lysinger. An adult female was photographed at Micacocha lake; photographic evidence demonstrates that it was a different individual (Figure 1c). The latter was only observed that day.",
1,lessca,Lesser Scaup,Aythya affinis,L5220463,Imbabura,San Pablo Lake, 21 January 2011 ,1,0.216667,-78.2,2660,NO_EBIRD,"K. Terán Portelles, Z. López Ayala, and P. Echeverría","One adult male was observed in 2011 at San Pablo (Record no. 2012-038; Figure 3b), and one adult female in February-March 2012 at the same locality (Record no. 2012-027). Both elusive individuals were seen diving along with Andean Ruddy Duck Oxyura jamaicensis and nearby Blue-winged Teal Anas discors. A remarkable newer record was obtained at La Segua, where 31 birds were observed in two separate flocks (27 and 4 birds). Numbers later increased to 95 by mid February 2013; the last observation was on 19 February by M. Lysinger. The only previous record comes from the 1920s at northern Quito’s former La Carolina wetlands",
1,lessca,Lesser Scaup,Aythya affinis,L5220463,Imbabura,San Pablo Lake, 3 March 2012 ,1,0.216667,-78.2,2660,NO_EBIRD,J. Freile,"One adult male was observed in 2011 at San Pablo (Record no. 2012-038; Figure 3b), and one adult female in February-March 2012 at the same locality (Record no. 2012-027). Both elusive individuals were seen diving along with Andean Ruddy Duck Oxyura jamaicensis and nearby Blue-winged Teal Anas discors. A remarkable newer record was obtained at La Segua, where 31 birds were observed in two separate flocks (27 and 4 birds). Numbers later increased to 95 by mid February 2013; the last observation was on 19 February by M. Lysinger. The only previous record comes from the 1920s at northern Quito’s former La Carolina wetlands",
1,lessca,Lesser Scaup,Aythya affinis,L2034603,Manabí,La Segua, 27 December 2012 ,31,-0.7,-80.183333,10,S20164557,"R. Ahlman*, M. A. Corrales, D. Brinkhuizen, J. Nilsson, J. Freile","One adult male was observed in 2011 at San Pablo (Record no. 2012-038; Figure 3b), and one adult female in February-March 2012 at the same locality (Record no. 2012-027). Both elusive individuals were seen diving along with Andean Ruddy Duck Oxyura jamaicensis and nearby Blue-winged Teal Anas discors. A remarkable newer record was obtained at La Segua, where 31 birds were observed in two separate flocks (27 and 4 birds). Numbers later increased to 95 by mid February 2013; the last observation was on 19 February by M. Lysinger. The only previous record comes from the 1920s at northern Quito’s former La Carolina wetlands",
1,gregre1,Great Grebe,Podiceps major,L787523,Santa Elena,Ecuasal Mar Bravo, 11 August 2009 ,1,-2.216667,-80.966667,0,NO_EBIRD,A. Solano-Ugalde,"First observations in Ecuador date back to 2005, with subsequent yearly records [15]. Haase [15] publishes a photograph without locality data, making Record no. 2012-016 the first photographic documentation from Ecuador (Figure 2b). Also recorded on February 2011 at La Segua marshland, Manabí (T. Seimola, in litt., February 2011). Most records involved singles in breeding plumage, but Haase [15] reported two possible pairs",
1,gregre1,Great Grebe,Podiceps major,L787523,Santa Elena,Ecuasal Mar Bravo, 4 January 2012 ,1,-2.216667,-80.966667,0,S18725439,B. Haase and R. Ahlman*,"First observations in Ecuador date back to 2005, with subsequent yearly records [15]. Haase [15] publishes a photograph without locality data, making Record no. 2012-016 the first photographic documentation from Ecuador (Figure 2b). Also recorded on February 2011 at La Segua marshland, Manabí (T. Seimola, in litt., February 2011). Most records involved singles in breeding plumage, but Haase [15] reported two possible pairs",
1,gregre1,Great Grebe,Podiceps major,L787523,Santa Elena,Ecuasal Mar Bravo, 18 March 2010 ,1,-2.216667,-80.966667,0,S20168572,R. Ahlman* and B. Haase,"First observations in Ecuador date back to 2005, with subsequent yearly records [15]. Haase [15] publishes a photograph without locality data, making Record no. 2012-016 the first photographic documentation from Ecuador (Figure 2b). Also recorded on February 2011 at La Segua marshland, Manabí (T. Seimola, in litt., February 2011). Most records involved singles in breeding plumage, but Haase [15] reported two possible pairs",
1,wispet,Wilson’s Storm-Petrel,Oceanites oceanicus,off_puerto,Manabí,Off Puerto López, 25 June 2011,1,-1.266667,-81.1,0,S20168242,R. Ahlman,"A single bird was photographed (Figure 3c) amongst a large flock of c. 100 Wedge-rumped Storm-Petrel Oceanodroma tethys, and identified afterwards from photographs. Known from few records in Ecuadorian waters, primarily off Santa Elena Peninsula (Santa Elena) and Isla de la Plata (Manabí) [2]. Not reported by Haase [15] despite his records been included in Ridgely and Greenfield [2].",
1,rispet1,Ringed Storm-Petrel,Oceanodroma hornbyi,puerto_plata,Manabí,Puerto López-La Plata Island, 9 February 2008 ,1,-1.416667,-80.95,0,NO_EBIRD,J. Freile,"Single birds were observed, one off Isla de la Plata (Record no. 2012-035) at close range (less than 10 m) from a moving boat, and one from La Chocolatera viewpoint at a distance of 1 km (Record no. 2012-020). There are few records off Manabí, Santa Elena and Guayas, mostly in June-October [15] plus additional sightings in January and a specimen taken in September [2].",
1,rispet1,Ringed Storm-Petrel,Oceanodroma hornbyi,L1764936,Santa Elena,La Chocolatera, 27 August 2011,1,-2.183333,-81,0,S18732255,R. Ahlman,"Single birds were observed, one off Isla de la Plata (Record no. 2012-035) at close range (less than 10 m) from a moving boat, and one from La Chocolatera viewpoint at a distance of 1 km (Record no. 2012-020). There are few records off Manabí, Santa Elena and Guayas, mostly in June-October [15] plus additional sightings in January and a specimen taken in September [2].",
1,brnboo,Brown Booby,Sula leucogaster,L1764936,Santa Elena,La Chocolatera, 17 March 2013 ,1,-2.183333,-81,0,S18510591,R. Ahlman* and L. Högström,"Records at La Chocolatera include two birds seen separately, one female flying north and one male flying south with a flock of Blue-footed Booby Sula nebouxii in August 2011 (Record no. 2012-008), and one subadult of undetermined sex in March 2013 (Record no. 2013- 028) (Figure 2c). These observations represent only the second published photographic record from mainland Ecuador [15]. A previously taken photograph was published by Carrión-Letort [19], who did not provide locality and date information. Likewise, Haase [15] reports two additional observations from Isla de la Plata, one from La Chocolatera, and one off-Muisne, whereas Cisneros-Heredia [20] reports additional observations of a seemingly single individual from Isla de la Plata, providing brief identification details",
1,brnboo,Brown Booby,Sula leucogaster,genovesa,Galápagos,Genovesa Island, 15 February 2013 ,1,0.3,-89.933333,0,NO_EBIRD,D. Brinkhuizen,"A single adult observed flying by a Nazca Booby Sula granti colony (Record no. 2013-009) is the fourth published Galápagos record [7], but the first published photograph (Figure 2d).",
1,ruther1,Rufescent Tiger-Heron,Tigrisoma lineatum,yalare,Esmeraldas,Yalare, 2 October 2012 ,1,1.1,-78.866667,c. 100,NO_EBIRD,D. Brinkhuizen,"One adult of undetermined sex was photographed (Figure 4c) in a small stream in wet pastureland. Records west of the Andes are scarce; all previous ones are from the Los Ríos/Manabí border southwards [2], with additional observations at La Segua area [18]. As far as we know, this is the first documented record from the Esmeraldas, and the northernmost in Ecuador. Likewise, there are few records from the Pacific lowlands of the northern Choco, Colombia [21]",
1,grbher3,Great Blue Heron,Ardea herodias,L2761796,Esmeraldas,Las Peñas, 16 December 2012 ,5,1.1,-79.15,0,NO_EBIRD,J. Nilsson,Five birds were seen in inland ponds and marshes with sandy/grassy banks and tall grass in a swampy area (Figure 3d). This represents the fifth published record from mainland Ecuador known to us [2].,
1,redegr,Reddish Egret,Egretta rufescens,napo_sacha,Sucumbíos,"Napo River, near Sacha Lodge ", 6 July 2009 ,1,-0.416667,-76.533333,c. 240,S13189234,D. F. Lane,"A juvenile was observed on the south bank of a young successional river island on the Napo River. Field marks rule out confusing species and/or hybrids, and subsequent studies of the photographs (Figure 1d) have confirmed its identification. This represents the first record of the species for Ecuador and the Amazon basin. A recent record of this species was reported from Piura, Peru (D. F. Lane, in litt., February 2013).",
1,scaibi,Scarlet Ibis,Eudocimus ruber,tarapoa_road,Sucumbíos,Lago Agrio-Tarapoa road, 19 March 2013 ,1,-0.033333,-76.566667,260,S18506660,"J. Morin*, R. Ahlman, B. Herrera, J. Nilsson, J. Olson, B. Olson","Two birds (adult and immature) were observed and photographed (Figure 2e) in the vicinity of tilapia fishponds. This represents the first photographic record from Ecuador and only the third published report known to us [2]. Further, M. Orozco (in litt., April 2011) took record photographs of juvenile ibises near Tena, but the identification was not fully confirmed.",
1,gloibi,Glossy Ibis,Plegadis falcinellus,orconcitos,Manabí,Los Orconcitos, 30 May 2011 ,2,-0.633333,-80.3,30,NO_EBIRD,L. Navarrete* and F. Navarrete,"Two birds were observed in a partially empty shrimp pond (Figure 3e), located in the Chone river estuary. Most observations in Ecuador come from the same general area. Carrión Letort [19] published the first Ecuadorian photographs of this species, which is likely more numerous and widespread at present than it was a few decades ago [2, 18].",
1,bafibi1,Bare-faced Ibis,Phimosus infuscatus,lago_agrio,Sucumbíos,Lago Agrio, 9 May 2011,2,0.11,-76.91,300,S18751262,R. Ahlman,"Record no. 2012-007 involves two birds observed in a marshy area near a black-water lake and forest at Parque Perla, and this record provides the first photographic documentation for the species in Ecuador (Figure 2f)",
1,bafibi1,Bare-faced Ibis,Phimosus infuscatus,tarapoa_road,Sucumbíos,Lago Agrio-Tarapoa road, 19 March 2013 ,4,-0.033333,-76.566667,260,S18506660,"J. Morin*, R. Ahlman, B. Herrera, J. Nilsson, J. Olson, B. Olson","The second record (no. 2013-038) involves up to 10 birds observed foraging at fishponds and edges (detected one week earlier by J. and B. Olson). The species is apparently a recent arrival, spreading after forest conversion into grassy fields. Ridgely and Greenfield [2] suggested that it was only an irregular wanderer from eastern Colombia due to the scatter and unseasonal records in earlier decades",
1,sunbit1,Sunbittern,Eurypyga helias,L577535,Napo,Cascada de San Rafael, 20 April 2008,1,-0.166667,-77.566667,c. 1200,NO_EBIRD,R. Ahlman,"A single bird was photographed and sound-recorded along a wide forest trail. Later revision of the tape-recording by D. F. Lane, R. Ahlman and N. Krabbe suggests that it represents subspecies Eurypyga helias meridionalis of the eastern Andean foothills [11]. This subspecies, as seen in the submitted photographs (Figure 5a), has greyish back and wings whereas the nominate subspecies of the Amazonian lowlands is distinctly browner [11]. This is the first documented record of E. h. meridionalis in Ecuador [2]. ",
1,pagplo,Pacific Golden-Plover,Pluvialis fulva,L3202705,Galápagos,"Puerto Villamil, Isla Isabela ", 16 February 2008,1,-0.95351,-90.972059,0,S23779712,R. Ahlman,"One immature bird was seen for c. 5 min along the shores of a lagoon near Puerto Villamil, and photographs were taken (Figure 2g). The status of this species and the very similar American Golden Plover Pluvialis dominica in the Galápagos Islands is not fully understood, with few previous records that do not provide identification details [7].  Record no. 2012-018 is the first published record from Ecuador, including the Galápagos Islands. Hasse [15] published a photograph but did not refer it to any locality, but later reported to us that it was not taken in Ecuador (B. Haase, in litt., February 2012). There is one additional, detailed observation by D. Liley [2] from mainland Ecuador but no documentation to date. ",
1,wilsni1,Wilson’s Snipe,Gallinago delicata,L5220463,Imbabura,San Pablo Lake, 23 February 2013,2,0.216667,-78.2,2660,S139692302,"D. Brinkhuizen*, R. Ahlman, M. Lysinger","An excursion by the Norwegian Ornithological Society observed two birds at the lakeshore margins with abundant floating vegetation (Figure 2h). Photos taken represent the first current documentation of the species in Ecuador. Key plumage and behavioural features for identification were noted in the field, and the bird was photographed and videotaped. This record was discussed online with several ornithologists (N. Krabbe and T. S. Schulenberg, in litt., March 2013) who provided additional identification characters regarding the shape of the outermost tail feathers (more slender in South American Snipe Gallinago paraguaiae, while even width in G. delicata; Figure 2i). The underwing pattern was also photographed and excludes Common Snipe G. gallinago. Orcés [22] reported the first record of G. delicata from Ecuador based on a voucher specimen collected at Mapoto, Tungurahua, in October 1939; however the specimen is currently lost [23]. Ridgely and Greenfield [2] reported an observation from Mindo, Pichincha, and Cisneros-Heredia [23] published a sighting at Hacienda La Joya, near San Vicente de Andoas, Pichincha. This bird was observed for over 15 minutes stalking about a grassy open area, and later compared with Hayman et al. [24] and museum specimens (D. F. Cisneros, in litt., October 2013). He later described a brownish underwing area, broad but irregular tail bars, and wings longer and more slender than in G. paraguaiae; date (November 1998) and location also supported its identification. The identification difficulties of this species might partially explain the paucity of corroborated records in Ecuador [2]. ",
1,lobdow,Long-billed Dowitcher,Limnodromus scolopaceus,L5220463,Imbabura,San Pablo Lake, 3 March 2012,1,0.216667,-78.2,2660,S65090934,"J. Freile*, J. Nilsson, R. Ahlman, D. Brinkhuizen, L. Córdova, C. Vogt","One bird in adult plumage was observed at Cachiviro football pitch, feeding in grassy fields adjacent to reeds, along with Greater Tringa melanoleuca and Lesser T. flavipes yellowlegs. It was first identified to genus level, and later relocated by J. Nilsson et al., who obtained photographs (Figure 3f) and audio recordings (XC97259- 260) that confirmed species identity. Putnam et al. [25] confirmed the species presence in Ecuador after revising museum specimens deposited at the Moore Laboratory of Zoology, Occidental College, Los Angeles, USA. Record reported herein is the first recent field observation from Ecuador and one of the very few documented sightings from South America [9]. ",
1,margod,Marbled Godwit,Limosa fedoa,L1885739,Manabí,Bahía de Caráquez, 25 February 2007 ,20,-0.583333,-80.416667,0,S24007010,R. Ahlman,"This record involves several observations obtained in mudflats beneath the new bridge crossing from Bahía de Caráquez to San Vicente, as follows: 6 in February 2007, 20 in February 2008, 6 in September 2008, 22 in March 2009, 7 in March 2010 (all by R. Ahlman; Figure 3g). Twelve birds were also seen at the same locality on 3 February 2013 (D. Brinkhuizen and J. Freile, unpubl. data). Ridgely and Greenfield [2] reported two records: a late-19th-century specimen from Santa Rosa, El Oro, and a sighting from the Ecuasal lagoons, Santa Elena, in February 1980.",
1,dunlin,Dunlin,Calidris alpina,L1764936,Santa Elena,La Chocolatera, 26 August 2011 ,1,-2.183333,-81,0,S18732485,R. Ahlman,"One adult bird was briefly observed flying southwards, low above the sea, at c. 300 m from the observer. Most previous records from Ecuador are from the Santa Elena Peninsula [2, 15]. As no photos or specimens have been secured to date [2, 15], this species remains as hypothetical in Ecuador [8]. ",
1,grhgul,Gray-hooded Gull,Chroicocephalus cirrocephalus,santa_cruz,Galápagos,Santa Cruz, 15 May 2013 ,1,-0.483333,-90.266667,0,S14373112,N. Fox,"One tame adult bird was recorded at a concrete landing structure between Baltra and Santa Cruz Islands (Figure 3h). This species is a vagrant to Galápagos, known from a handful of records, first in 1978 [26] and last reported in 1991 [7]. ",
1,labter1,Large-billed Tern,Phaetusa simplex,L2034603,Manabí,La Segua, 5 March 2009 ,1,-0.7,-80.183333,10,S23087532,R. Ahlman,"A single immature of undetermined sex was observed flying over marshland in March 2009 (Record no. 2013- 015); and 2 individuals were recorded on 26 December 2012 (Record no. 2013-016; Figure 3i). Another individual was seen at shrimp ponds west of La Segua in February 2013. There are very few recent, documented records west of the Andes; formerly reported primarily from the Guayas River area [2]. Ridgely and Greenfield [2] suggest it might have been extirpated from western Ecuador, but these observations indicate that they persist although have likely declined dramatically. ",
1,labter1,Large-billed Tern,Phaetusa simplex,L2034603,Manabí,La Segua, 26 December 2012 ,1,-0.7,-80.183333,10,S20172360,R. Ahlman,"A single immature of undetermined sex was observed flying over marshland in March 2009 (Record no. 2013- 015); and 2 individuals were recorded on 26 December 2012 (Record no. 2013-016; Figure 3i). Another individual was seen at shrimp ponds west of La Segua in February 2013. There are very few recent, documented records west of the Andes; formerly reported primarily from the Guayas River area [2]. Ridgely and Greenfield [2] suggest it might have been extirpated from western Ecuador, but these observations indicate that they persist although have likely declined dramatically. ",
1,caster1,Caspian Tern,Hydroprogne caspia,L2034603,Manabí,La Segua, 27 December 2012 ,3,-0.7,-80.183333,10,S20164557,R. Ahlman,"Record no. 2013-017 involves three birds observed at La Segua roosting on a mudflat together with about 10 Laughing Leucophaeus atricilla and one Gray-hooded Chroicocephalus cirrocephalus gulls (Figure 3j). Most probably the same three birds were observed on 3 February 2013 (J. Nilsson, D. Brinkhuizen, J. Freile), and last seen on 19 February (M. Lysinger). Until recently, a single undocumented observation was known of a lone bird seen near Chone in June 1996 [2]. Another bird was observed and photographed at Jambelí in January 2012 [16]. ",
1,blkter,Black Tern,Chlidonias niger,river_sacha,Sucumbíos,River island by Sacha Lodge, 3 July 2009 ,1,-0.483333,-76.4,240,S21225104,"D. Lane, O. Tapuy, G. Nixon, R. Jeffers, C. Jeffers, G. Nixon, V. Nixon, T. Weir","One adult bird in breeding plumage was seen on several separate days flying above the Napo river, often foraging by dipping into puddles on a recently exposed river island, and at least momentarily in close proximity to Yellow-billed Tern Sternula superciliaris (Figure 3k). This is only the third published record from Amazonian Ecuador [2].",
1,dwacuc1,Dwarf Cuckoo,Coccycua pumila,L2761796,Esmeraldas,Las Peñas,  17 December 2012 ,1,1.1,-79.15,0,S31698402,J. Nilsson,"An adult was found in the northern outskirts of Las Peñas village (Fig. 1e). It is unclear if the species is resident or an accidental migrant to the area, but the bird’s behaviour reported by the observer suggests the latter. It was hopping around sluggishly in an acacia tree, then sitting still looking around but staying mainly inside vegetation; at times it raised its crest and flew short distances between perches. Las Peña lies 340 km SW from Isla Punta Arenas, Buenaventura, department of Valle de Cauca, the southernmost locality in the Pacific lowlands of Colombia (F. Brammer, in litt., October 2013). ",
1,pebcuc1,Pearly-breasted Cuckoo,Coccyzus euleri,yalare,Esmeraldas,Yalare,  28 March 2008 ,1,1.1,-78.866667,c. 100,S139694444,"D. Brinkhuizen, L. Brinkhuizen, A. Keavenny*, S. Jane","A single bird was observed in secondary forest edge at Yalare, where record photos were taken (Figure 3l). ",
1,pebcuc1,Pearly-breasted Cuckoo,Coccyzus euleri,L2262710,Esmeraldas,Majagual,  4 June 2013 ,1,1.15,-79.083333,10,S18499318,R. Ahlman,"One adult male was heard, briefly seen and audio-recorded in mangroves and edge at Majagual. This bird was vocally active for nearly 30 min, and actively responded to playback; a recording of its vocalisations in response to playback is available at XC137820. Only two previous vouchered records in Ecuador exist, including a juvenile collected near Muisne, Esmeraldas [2]. Claessens et al. [27] report an overlooked specimen of an immature Coccyzus euleri collected in 1936 at San Mateo, Esmeraldas.",
1,pitbri1,Pink-throated Brilliant,Heliodoxa gularis,L2763260,Orellana,Río Bigal,  28 April 2012 ,1,-0.633333,-77.316667,c. 900,NO_EBIRD,"X. Amigo*, J. Freile, T. Garcia, D. Brinkhuizen, M. Hirvois, C. Urgilés, F. Gallo, K. Demoliere","This record refers to a single female-plumaged bird observed inside primary forest with closed canopy and fairly open understory. Photographs were obtained by X. Amigo (Figure 3m). Previous records at the same reserve include one mist-netted female [Ridgely and Cooper, photograph A, pp. 143] [28] and additional observations by X. Amigo and T. Garcia. Later visits to Río Bigal produced several additional observations, photographs, and the first ever tape recordings of the species (D. Brinkhuizen and J. Freile; XC115497-499), suggesting that it is fairly numerous at this locality. There are scanty records of this poorly known species in Ecuador, few of them recent, including sightings in the Lumbaquí-Bermejo area, Orellana; Loreto Road, Napo. [2], and a recent specimen from Río Panguri, Zamora-Chinchipe Prov. (L. Ordóñez, in litt., December 2012). ",
1,spthum2,Spot-throated Hummingbird,Thaumasius taczanowskii,chito,Zamora Chinchipe,Chito,  20 September 2007 ,1,-4.933333,-79.05,c. 950,NO_EBIRD,K. A. Boyla* and J. Freile,"Single birds were observed in secondary forest and woodland, feeding on Inga flowers, hawking insects, and chasing an Andean Emerald Amazilia franciae; no photographs or audio recordings were secured so the species’ status in Ecuador remains hypothetical [8]. There are a handful of earlier observations from the same area, first in 2003 [10]. ",
1,spthum2,Spot-throated Hummingbird,Thaumasius taczanowskii,pucapamba,Zamora Chinchipe,Pucapamba,  3 July 2010 ,1,-4.933333,-79.1,1140,S18982839,R. Ahlman,"Single birds were observed in secondary forest and woodland, feeding on Inga flowers, hawking insects, and chasing an Andean Emerald Amazilia franciae; no photographs or audio recordings were secured so the species’ status in Ecuador remains hypothetical [8]. There are a handful of earlier observations from the same area, first in 2003 [10]. ",
1,humsap2,Humboldt’s Sapphire,Hylocharis humboldtii,tigre,Esmeraldas,Cascada del Tigre,  16 September 2010 ,1,1.316667,-78.8,0,NO_EBIRD,A. Solano-Ugalde,"The three separate records involve one adult male in a remnant patch of mangrove (Record no. 2013-051), a single adult male in a mangrove patch and one female in secondary forest edge (Record no. 2013-047), and lastly, one adult female plus one possible immature male in transitional vegetation between mangrove and humid forest (Record No. 2013-046). The mangrove patches at Mompiche and Las Peñas were very small, surrounded by degraded land. Previously known from old specimens at a few Esmeraldas localities, and a 1991 observation at Cerro Mutiles [2].",
1,humsap2,Humboldt’s Sapphire,Hylocharis humboldtii,mompiche,Esmeraldas,Mompiche,  17 February 2011 ,1,0.466667,-80,0,NO_EBIRD,A. Solano-Ugalde,"The three separate records involve one adult male in a remnant patch of mangrove (Record no. 2013-051), a single adult male in a mangrove patch and one female in secondary forest edge (Record no. 2013-047), and lastly, one adult female plus one possible immature male in transitional vegetation between mangrove and humid forest (Record No. 2013-046). The mangrove patches at Mompiche and Las Peñas were very small, surrounded by degraded land. Previously known from old specimens at a few Esmeraldas localities, and a 1991 observation at Cerro Mutiles [2].",
1,humsap2,Humboldt’s Sapphire,Hylocharis humboldtii,L2761796,Esmeraldas,Las Peñas,  23 November 2011 ,1,1.1,-79.15,0,NO_EBIRD,A. Solano-Ugalde,"The three separate records involve one adult male in a remnant patch of mangrove (Record no. 2013-051), a single adult male in a mangrove patch and one female in secondary forest edge (Record no. 2013-047), and lastly, one adult female plus one possible immature male in transitional vegetation between mangrove and humid forest (Record No. 2013-046). The mangrove patches at Mompiche and Las Peñas were very small, surrounded by degraded land. Previously known from old specimens at a few Esmeraldas localities, and a 1991 observation at Cerro Mutiles [2].",
1,blfjac1,Bluish-fronted Jacamar,Galbula cyanescens,L1759678,Zamora Chinchipe,Paquisha,  3 January 2013 ,2,-3.866667,-78.683333,c. 900,S142194469,"D. Brinkhuizen*, G. Lambeth, D. Lambeth, N. Albán","A pair, seemingly resident, was observed foraging inside secondary forest and forest edge (Figure 3n) along the road to Yankuam, c. 2km west of Paquisha. The birds were displaying territorial behaviour and reacted to playback. Possibly the same individuals were relocated in recent visits to the same site (January and July 2013) by D. Brinkhuizen and J. Nilsson. An old specimen of Galbula cyanescens was collected at the Zamora valley but reported by Salvadori and Festa [29] as G. tombacea. Although it was later identified as G. cyanescens by Haffer [30], it was ascribed to Copperychested Jacamar G. pastazae by Ridgely and Greenfield [2]. A more thorough discussion, including the rediscovery of Festa’s specimen in the Turin Regional Natural Science Museum, Italy, will be published elsewhere. ",
1,aswant1,Ash-winged Antwren,Terenura spodioptila,L2349213,Sucumbíos,Lumbaquí,  7 May 2011 ,1,0.016667,-77.316667,c. 850,S18755045,"R. Ahlman*, D. Brinkhuizen","A pair was observed in foothill primary forest and edge, feeding along with a mixed species flock. Photographs were later taken at this site (Figure 3o) and subsequent observations, not reported to CERO, by various observers were obtained. Ridgely and Greenfield [2] reported two known sites, and Krabbe and Nilsson [31] presented the first documented record. The distribution and status of this species in Ecuador is still insufficiently known. There is a recent observation from Güepicillo, Sucumbíos, where an adult was observed carrying nesting material [32]. ",
1,bbfgle1,Buff-browed Foliage-gleaner,Syndactyla rufosupercilliata,above_valla,Zamora Chinchipe,above Valladolid,  6 January 2013 ,1,-4.516667,-79.116667,c. 2000,NO_EBIRD,D. Brinkhuizen and M. Lysinger*,"In Ecuador, this species was only known from the Cordillera del Condor massif [2, 10, 33]. This is the first documented record from the southern Andes of Ecuador away from Cordillera del Condor, where a single bird was audio-recorded at forest edge above Valladolid (XC133689). It was first discovered in the area in April 2012 by M. Lysinger.",
1,sosfly1,Southern Scrub Flycatcher,Sublegatus modestus,L468857,Napo,Sumaco road,  14 June 2012 ,1,-0.716667,-77.55,1100,S10981760,"J. Nilsson*, N. Athanas, and S. Olmstead","A single bird was seen and photographed on 14 June 2012 when it reacted to whistled imitations of Ferruginous Pygmy-owl Glaucidium brasilianum (Figure 1f). Separating this species from Northern Scrub Flycatcher Sublegatus arenarum in the field is complex. However, field marks including small bill appearance, facial pattern, pale throat and breast, and lack of white tail tips are apparent in the submitted photos, supporting its identification. Furthermore, the species is a long distance austral migrant, known to reach central Peru [11], whereas S. arenarum is thought to be mainly sedentary. ",
1,wbptyr1,White-bellied Pygmy-tyrant,Myiornis albiventris,L1906616,Zamora Chinchipe,Shaime,  14 December 2010 ,3,-4.316667,-78.65,c. 980,S49548895,"D. Brinkhuizen*, J. Lyons, and N. Albán","Three birds were first heard and observed in forest canopy and edge, with at least 11 subsequent records from the same area in 2010–2013, indicating the presence of at least seven pairs with territories north and south of Miazi, at Shaime, and at Laberinto Mil Ilusiones, near Héroes del Condor [34]. The species has been photographed and sound recorded (XC86217, XC94107) by multiple observers.",
1,olsfly,Olive-sided Flycatcher,Contopus cooperi,L2761741,Napo,Antisana,  1 October 2009 ,1,-0.5,-78.216667,4050,NO_EBIRD,D. Brinkhuizen,"An adult of undetermined sex was photographed as it perched on the ground in a paramo bog (Figure 4d). This is the highest known altitudinal record of the species for the country, at c. 4050 m. This Neotropical migrant is mostly found wintering in the lowlands and subtropics [2], with few highland records. ",
1,piwtyr1,Pied Water-Tyrant,Fluvicola pica,L1132352,Orellana,Garzacocha,  18 January 2007 ,1,-0.466667,-75.333333,200,NO_EBIRD,V. Ortiz,"A single bird was observed and photographed (Figure 2j) at an oxbow lake margin, perching low above water both in open vegetation and dense thickets of Montrichardia sp. This represents the first documented record from Ecuador. An additional, undocumented observation at Pañacocha, Sucumbíos in 25 January 2000 [35] was rejected by CERO on the grounds that the species description did not consider Black-backed Water-Tyrant Fluvicola albiventer, a potential yet unrecorded species in Ecuador, which ranges in Central Amazonia and engages in small migratory movements during austral winter [36]. A single additional record exists, also undocumented [37], and does not discriminate between this species and F. albiventer either. ",
1,tumtyr2,Tumbes Chat-Tyrant,Tumbezia salvini,L2243441,Loja,Zapotillo,  5 December 2010 ,1,-4.383333,-80.25,c.250,S14479852,"D. Brinkhuizen, N. Athanas*","A small population exists in scrubland at Zapotillo’s municipal garbage dump, where first found by Athanas et al. [38]. The area is sparsely vegetated, but some deciduous forest spans for at least 1-4 km towards the Peruvian border. At least five separate territories have been located. ",
1,cattyr,Cattle Tyrant,Machetornis rixosa,L580200,Sucumbíos,Lago Agrio,  8 May 2011 ,1,0.0923109,-76.8673092,300,S18752485,R. Ahlman,"One bird observed and photographed as it perched on telephone wires adjacent to Lago Agrio airport is the first documented photographic record in Ecuador, as submitted to CERO (Figure 2k). A previous photographic record was obtained earlier by M. Cooper and P. Herrera (unpubl. data). There are several additional, previous observations dating back to 2000, some of them already mentioned in published literature [10]. Buitrón-Jurado [39] observed the species at Río Villano, Pastaza, but no photographs were published.",
1,thsfly2,Three-striped Flycatcher,Conopias trivirgatus,L2487418,Sucumbíos,Cuyabeno River,  5 May 2013 ,3,0.066667,-76.2,200,S18502666,R. Ahlman,Three birds were observed at várzea forest edges perching on top of a riparian tree. They were identified by all yellow underparts and long white supercilium that extended from right above the bill to back over and behind the eye (contra illustrations in [11]). This species is known in Ecuador from a handful of published observations at only three localities [2]. ,
1,swafly1,Swainson’s Flycatcher,Myiarchus swainsoni,L618326,Pichincha,"Botanical Garden, Quito ",  1 December 2011 ,1,-0.183333,-78.483333,2780,S20163110,R. Ahlman,"One bird of undetermined age and sex was photographed (Figure 4e, 4f), representing the first record for the Ecuadorian highlands known to us. Noteworthy is the fact that this record falls outside the expected time of the year for the presence of this austral migrant (mostly AprilSeptember), which has only been reported from sparse observations in the Amazonian lowlands [2, 33]. The lack of any contrast in head pattern suggests the nominate subspecies rather than Myiarchus s. ferocior, which is the only subspecies documented in Ecuador. If subspecific identification proves correct, this will be the first record of M. s. swainsoni in Ecuador [2].",
1,panfly1,Panama Flycatcher,Myiarchus panamensis,tola_laguna,Esmeraldas,Laguna de la Ciudad,  23 November 2011 ,,1.1,-79.116667,10,NO_EBIRD,A. Solano-Ugalde,"Recent sightings along the northern coast of Esmeraldas reported herein suggest that the species is resident in Ecuador. It has been found in mangroves, roadside scrub and secondary forest habitat (Fig. 1g). The species either recently colonized the area or has seemingly been overlooked in the past. In Colombia, it is known as far south as Tumaco, in the department of Nariño (right into the Ecuadorian border) [21]. A previous record of Sooty-crowned Flycatcher M. phaeocephalus from Esmeraldas city area [2] might have been a misidentification and possibly involved M. panamensis. Likewise, a 1986 record of Sooty-crowned Flycatcher M. phaeocephalus from the Cristal area, along the old Ibarra-San Lorenzo railway, might also pertain to M. panamensis (R. S. Ridgely, unpubl. data). ",
1,panfly1,Panama Flycatcher,Myiarchus panamensis,san_andres_mang,Esmeraldas,Islas San Andrés del Manglar,  16 December 2012 ,,1.316667,-78.866667,0,NO_EBIRD,J. Nilsson,"Recent sightings along the northern coast of Esmeraldas reported herein suggest that the species is resident in Ecuador. It has been found in mangroves, roadside scrub and secondary forest habitat (Fig. 1g). The species either recently colonized the area or has seemingly been overlooked in the past. In Colombia, it is known as far south as Tumaco, in the department of Nariño (right into the Ecuadorian border) [21]. A previous record of Sooty-crowned Flycatcher M. phaeocephalus from Esmeraldas city area [2] might have been a misidentification and possibly involved M. panamensis. Likewise, a 1986 record of Sooty-crowned Flycatcher M. phaeocephalus from the Cristal area, along the old Ibarra-San Lorenzo railway, might also pertain to M. panamensis (R. S. Ridgely, unpubl. data). ",
1,panfly1,Panama Flycatcher,Myiarchus panamensis,L2761796,Esmeraldas,La Tola,  4 June 2013 ,2,1.2,-79.05,0,S18499258,R. Ahlman,"Recent sightings along the northern coast of Esmeraldas reported herein suggest that the species is resident in Ecuador. It has been found in mangroves, roadside scrub and secondary forest habitat (Fig. 1g). The species either recently colonized the area or has seemingly been overlooked in the past. In Colombia, it is known as far south as Tumaco, in the department of Nariño (right into the Ecuadorian border) [21]. A previous record of Sooty-crowned Flycatcher M. phaeocephalus from Esmeraldas city area [2] might have been a misidentification and possibly involved M. panamensis. Likewise, a 1986 record of Sooty-crowned Flycatcher M. phaeocephalus from the Cristal area, along the old Ibarra-San Lorenzo railway, might also pertain to M. panamensis (R. S. Ridgely, unpubl. data). ",
1,grcfly,Great Crested Flycatcher,Myiarchus crinitus,L618326,Pichincha,"Botanical Garden, Quito ",  27 November 2008 ,1,-0.183333,-78.483333,2780,S4314287,R. Ahlman,"Single birds were observed and photographed at the Botanical Garden of Quito on two separate dates (one adult in 2008, Record no. 2012-013; one juvenile in 2011, Record No. 2012-014; Figure 4g). These constitute the first published records for the Ecuadorian highlands. Additionally, the record from Silanche is the first from the western Andes of Ecuador. There are only three previously published records of this boreal migrant, all from the Amazonian lowlands [2]. ",
1,grcfly,Great Crested Flycatcher,Myiarchus crinitus,L618326,Pichincha,"Botanical Garden, Quito ",  17 October 2011 ,1,-0.183333,-78.483333,2780,S20164587,R. Ahlman,"Single birds were observed and photographed at the Botanical Garden of Quito on two separate dates (one adult in 2008, Record no. 2012-013; one juvenile in 2011, Record No. 2012-014; Figure 4g). These constitute the first published records for the Ecuadorian highlands. Additionally, the record from Silanche is the first from the western Andes of Ecuador. There are only three previously published records of this boreal migrant, all from the Amazonian lowlands [2]. ",
1,grcfly,Great Crested Flycatcher,Myiarchus crinitus,L1396974,Pichincha,Silanche Bird Sanctuary,  7 March 2013 ,1,0.1451,-79.1414,c. 450,NO_EBIRD,A. Solano-Ugalde,"Single birds were observed and photographed at the Botanical Garden of Quito on two separate dates (one adult in 2008, Record no. 2012-013; one juvenile in 2011, Record No. 2012-014; Figure 4g). These constitute the first published records for the Ecuadorian highlands. Additionally, the record from Silanche is the first from the western Andes of Ecuador. There are only three previously published records of this boreal migrant, all from the Amazonian lowlands [2]. ",
1,rerfru1,Red-ruffed Fruitcrow,Pyroderus scutatus,L7790567,Carchi,Chilmá Bajo,7 September 2010,1,0.866667,-78.066667,2050,NO_EBIRD,,"The species was first detected by sound in September 2010 when it was actively vocalizing between 6h05 and 7h00. A visual record and confirmation of species identity was made during a second visit (January 2013) to the same site (Figure 3p).  This record comprises 1 to 3 birds seen in canopy and subcanopy of forest edge and pastureland with tall standing trees. During a visit made in May 2013, two separate individuals were located at the same locality (X. Amigo, D. Brinkhuizen, L. Córdova, R. Gelis, J. Freile, J. M. Loaiza, unpubl. data), with photographs taken by various observers. The species is inexplicably rare in Ecuador, with only a few recent confirmed sightings, including one southeast of Maldonado, Carchi [2]. ",
1,rerfru1,Red-ruffed Fruitcrow,Pyroderus scutatus,L7790567,Carchi,Chilmá Bajo,5 January 2013 ,2,0.866667,-78.066667,2050,NO_EBIRD,"J. M. Loaiza, J. T. Domínguez, H. Pozo, W. Arteaga, A. Báez, F. Cifuentes, A. Chandi, D. Chulde, S. Guerra, T. Guerrero, M. F. Marín, P. Molina, V. Obando, E. Pazmiño, K. Terán, L. Vásquez, E. Villamarín, W. Villamarín","The species was first detected by sound in September 2010 when it was actively vocalizing between 6h05 and 7h00. A visual record and confirmation of species identity was made during a second visit (January 2013) to the same site (Figure 3p).  This record comprises 1 to 3 birds seen in canopy and subcanopy of forest edge and pastureland with tall standing trees. During a visit made in May 2013, two separate individuals were located at the same locality (X. Amigo, D. Brinkhuizen, L. Córdova, R. Gelis, J. Freile, J. M. Loaiza, unpubl. data), with photographs taken by various observers. The species is inexplicably rare in Ecuador, with only a few recent confirmed sightings, including one southeast of Maldonado, Carchi [2]. ",
1,yetvir,Yellow-throated Vireo,Vireo flavifrons,tundaloma,Esmeraldas,Tundaloma,  24 November 2011 ,1,1.183095,-78.75,c. 35,NO_EBIRD,A. Solano-Ugalde,"Single birds were seen at each locality; these records plus one observation at Wildsumaco [40] suggest that the species casually winters along both east and west Andean slopes in northern Ecuador. Most probably the same individual was observed in the very same tree at Los Cedros in January 2013 (J. Freile and X. Amigo, unpubl. data). ",
1,yetvir,Yellow-throated Vireo,Vireo flavifrons,L1481360,Imbabura,Los Cedros Reserve,14 March 2012,1,0.3,-78.766667,1350,S29805263,"J. De Coux, J. Poon*, J. Freile, and J. Garcia-Dominguez","Single birds were seen at each locality; these records plus one observation at Wildsumaco [40] suggest that the species casually winters along both east and west Andean slopes in northern Ecuador. Most probably the same individual was observed in the very same tree at Los Cedros in January 2013 (J. Freile and X. Amigo, unpubl. data). ",
1,phivir,Philadelphia Vireo,Vireo philadelphicus,L618326,Pichincha,"Botanical Garden, Quito ",  17 April 2013 ,1,-0.183333,-78.483333,2780,S18502051,R. Ahlman* and J. Nilsson,"A single bird was first seen very briefly on 17 April and later relocated on 26 April at the same locality, when photographs were secured (Figure 1h) and identification was fully confirmed.",
1,purmar,Purple Martin,Progne subis,L5220463,Imbabura,San Pablo Lake,  10 September-10 October 2009 ,21,0.216667,-78.2,2660,S20169348,R. Ahlman,"Fourteen birds were observed at San Pablo lake on 10 September; 3 on 21 September; 35 on 3 October; and 10 on 10 October. Birds were sitting on wires along with Grey-breasted Progne chalybea and Brown-chested P. tapera martins (Figure 2l). At Cumbayá, 11 birds were also perching on wires, together with 2-3 P. tapera. These are the first documented records in Ecuador known to us [2]. Three additional recent sightings are reported: up to 60 individuals from 11 July through 7 October 2003 (numbers increased by early September) at Ventanas, Los Ríos [41]; 30 birds at Pacoa, Santa Elena, in August 1995, and 5 males at Yuturi, Orellana, in August 1996 [42]. Description of Yuturi birds does not provide identification details to exclude Southern Martin P. elegans, which could well occur in the Amazonian lowlands in August.",
1,purmar,Purple Martin,Progne subis,L2761969,Pichincha,Cumbayá,  16 October 2009 ,11,-0.193,-78.4268333,2460,S143111099,J. Freile and D. Brinkhuizen*,"Fourteen birds were observed at San Pablo lake on 10 September; 3 on 21 September; 35 on 3 October; and 10 on 10 October. Birds were sitting on wires along with Grey-breasted Progne chalybea and Brown-chested P. tapera martins (Figure 2l). At Cumbayá, 11 birds were also perching on wires, together with 2-3 P. tapera. These are the first documented records in Ecuador known to us [2]. Three additional recent sightings are reported: up to 60 individuals from 11 July through 7 October 2003 (numbers increased by early September) at Ventanas, Los Ríos [41]; 30 birds at Pacoa, Santa Elena, in August 1995, and 5 males at Yuturi, Orellana, in August 1996 [42]. Description of Yuturi birds does not provide identification details to exclude Southern Martin P. elegans, which could well occur in the Amazonian lowlands in August.",
1,soumar,Southern Martin,Progne elegans,canagueno,Sucumbíos,Canangüeno,  2 July 2008 ,1,0,-76.15,230,NO_EBIRD,J. Freile* and P. Moscoso,"Both records involve a single female within a flock of Grey-breasted Martin P. chalybea, perching in trees above a blackwater lagoon. The bird at Pañacocha was photographed (Figure 2m) and is the first documented record in Ecuador, where only two additional sightings have been published [2].  ",
1,soumar,Southern Martin,Progne elegans,panacocha,Sucumbíos,Pañacocha,  16 August 2012 ,1,-0.383333,-76.116667,250,NO_EBIRD,"D. Brinkhuizen, B. de Bruin, and D. Gualinga","Both records involve a single female within a flock of Grey-breasted Martin P. chalybea, perching in trees above a blackwater lagoon. The bird at Pañacocha was photographed (Figure 2m) and is the first documented record in Ecuador, where only two additional sightings have been published [2].  ",
1,cliswa,Cliff Swallow,Petrochelidon pyrrhonota,lumbaqui,Sucumbíos,Lumbaquí,7 May 2010,1,0.016667,-77.316667,c. 850,NO_EBIRD,R. Ahlman,"A single bird was observed among a flock of swallows (mostly Blue-and-white Swallow Pygochelidon cyanoleuca) in open pastureland along the road north of Lumbaquí (Figure 5b, 5c). Dark chestnut forehead indicates it represents subspecies Petrochelidon pyrrhonota melanogaster, not previously reported from Ecuador [2]. Subspecies P. p. pyrrhonota and P. p. tachina have pale foreheads, whereas race P. p. ganieri has darker chestnut undertail coverts [43], not visible in the photographed individual",
1,gycthr,Grey-cheeked Thrush,Catharus minimus,L618326,Pichincha,"Botanical Garden, Quito ",  17 November 2010 ,1,-0.183333,-78.483333,2780,S143131342,D. Brinkhuizen,"One bird was seen and photographed consorting with several Swainson’s Thrush Catharus ustulatus (Figure 4h). This Neotropical migrant has mostly been reported from the Amazonian lowlands, with few records from the west and the Andean highlands, including the Quito area [2], where records are very rare. ",
1,retpip,Red-throated Pipit,Anthus cervinus,Rio_Verde,Esmeraldas,Río Verde,  28 March 2008 ,1,1.066667,-79.4,0,S143195019,"D. Brinkhuizen, L. Brinkhuizen, A. Keaveney, S. Jane","A second year bird was observed and photographed, representing the first South American record. It has previously been discussed and published [44, 45].",
1,linsee1,Lined Seedeater,Sporophila lineola,L685430,Orellana,Yasuní Scientific Station,  5 February 1997 ,5,-0.666667,-76.383333,220,NO_EBIRD,J. Freile,"Two adult males along with three adult female-plumaged birds were observed in a flock of c. 30 seed-eating species, including Chestnut-bellied Seedeater Sporophila castaneiventris and Lesser Seed-Finch Oryzoborus angolensis. They were foraging in low herbaceous roadside vegetation. There are few records of this austral migrant species in Amazonian Ecuador, mostly from August through December [2]. Little is known on the species’ natural history and movements. ",
1,recfin1,Red-crested Finch,Coryphospingus cucullatus,macas,Morona Santiago,Macas,  17 March 2013 ,1,-2.3,-78.1,980,NO_EBIRD,G. Real,"An adult male, photographed in a local garden, represents a substantial northwards range extension along the Amazonian foothills, and concerns the first documented record for the Morona Santiago (Figure 4i). Relatively few observations were known until recently, from scattered locations in southernmost Ecuador, mainly in the Río Mayo drainage [2, 10, 33]. Recent observations in the Zamora Chinchipe, outside this drainage include Shaime, Miazi and Wampiashuk, in the Nangaritza River area (J. Freile and N. Krabbe, unpubl. data), and El Padmi (M. Sánchez, in litt., September 2012).",
1,wnbfin1,White-naped Brushfinch,Atlapetes albinucha,L2913360,Sucumbíos,La Bonita-La Sofía,  4 May 2011 ,1,0.32,-77.566667,2440,S18755259,"J. Nilsson*, R. Ahlman, and M. Lysinger","A pair was first discovered in Ecuador at the upper end of the road to La Sofía. The species has subsequently been photographed and sound recorded (Figure 1i; XC78767, XC87014) by other observers at this site. Recently, multiple territories (three pairs) were discovered above the town of Baeza. These records suggest that the species is spreading into northeastern Ecuador, possibly due to deforestation farther to the north.",
1,wnbfin1,White-naped Brushfinch,Atlapetes albinucha,baeza,Napo,Baeza,  25 June 2013 ,2,-0.464,-77.88,1900,NO_EBIRD,M. Quipo,"A pair was first discovered in Ecuador at the upper end of the road to La Sofía. The species has subsequently been photographed and sound recorded (Figure 1i; XC78767, XC87014) by other observers at this site. Recently, multiple territories (three pairs) were discovered above the town of Baeza. These records suggest that the species is spreading into northeastern Ecuador, possibly due to deforestation farther to the north.",
1,cartan2,Carmiol's Tanager,Chlorothraupis frenata,kiim,Zamora Chinchipe,El Kiim,  25 February 2012 ,1,-3.783333,-78.916667,1000,NO_EBIRD,C. A. Rodríguez-Saltos* and P. Romero,"An adult female was seen in a mixed-species flock in secondary forest (Figure 4j). This is the first documented record from the Zamora-Chinchipe, where it was previously known from a single observation along the Loja-Zamora road in 1990 [2]. All other recent records have been obtained from the Sucumbíos [10, 33].",
1,blugrb1,Blue Grosbeak,Passerina caerulea,hoja_blanca,Esmeraldas,Hoja Blanca,  1 August 2009 ,1,0.516667,-79.266667,c. 300,S143176882,D. Brinkhuizen,"One adult male was photographed in a treetop in open pasture near secondary forest, being the first record in west Ecuador and only the second country record [46].",
1,gowwar,Golden-winged Warbler,Vermivora chrysoptera,L471438,Napo,Yanayacu,  5 March 2012 ,1,-0.5978,-77.8918,c. 2000,NO_EBIRD,J. Freile,One female was observed in a subcanopy mixed flock that included several resident and migrant species. It was actively foraging in hanging leaf-litter at forest edge above a bamboo stand. There are a handful of published Ecuadorian records from three known localities, first recorded in the Mindo area in February 1981 [47]. 
1,prowar,Prothonotary Warbler,Protonotaria citrea,quito,Pichincha,Quito,  22 November 2008 ,1,-0.2226335,-78.516959,c. 2800,S4918572,D. Brinkhuizen,These two records in the Pichincha are the first known for the Ecuadorian highlands (Figure 4k). There are a few records of this boreal migrant in Ecuador from scattered localities throughout the country [2]. ,
1,prowar,Prothonotary Warbler,Protonotaria citrea,L618326,Pichincha,"Botanical Garden, Quito ",  31 March 2009 ,1,-0.183333,-78.483333,2780,S20170506,R. Ahlman,These two records in the Pichincha are the first known for the Ecuadorian highlands (Figure 4k). There are a few records of this boreal migrant in Ecuador from scattered localities throughout the country [2]. ,
1,yebori1,Yellow-backed Oriole,Icterus chrysater,changuaral,Esmeraldas,Changuaral,  11 January 2011 ,5,1.366667,-78.866667,0,NO_EBIRD,"L. Navarrete*, A. Forster, and S. Owens","A family group of 3-5 birds was observed in mangroves of far northwest Ecuador (Figure 1j). The species is known to occur in adjacent Colombia, but it remains unclear if it is a year-round resident in Ecuador.",
2,lcspet,Leach’s Storm-petrel,Oceanodroma leucorhoa,espanola_san_cr,Galápagos,between Española and San Cristóbal islands,14 November 2012,1,-1.133333,-89.6,0,NO_EBIRD,D. Brinkhuizen,"One individual was photographed at sea, flying east between Española and San Cristóbal islands (Figure 3a). So far there are only a few sight records from Ecuador, all from Galápagos, but at least two were apparently obtained en route between Guayaquil and Galápagos [6]. The species possibly remains overlooked [7]. Determining subspecies might prove essential, as more than one species could be involved [8,9]. ",
2,rispet1,Ringed Storm-petrel,Oceanodroma hornbyi,puerto_plata,Manabí,between Puerto López and La Plata Island,31 July 2007,1,-1.416667,-80.95,0,NO_EBIRD,A. Woodall,"A single individual was photographed when it landed next to the observer’s boat en route to Isla de la Plata (Figure 3b). There are very few documented records of this species of the coast of Ecuador [1 ] with one specimen recently deposited at the ornithological collection of the Museo Ecuatoriano de Ciencias Naturales, Quito (MECN 8637): a dead bird found by J. Illanes at Ecuasal, Mar Bravo, on 7 September 2007.",
2,brnboo,Brown Booby,Sula leucogaster,L1764936,Santa Elena,La Chocolatera,17-18 August 2013,1,-2.183333,-81,0,S18462113,B. Haase* and R. Ahlman,"An immature bird was seen on several occasions and photographed (Figure 3c) at La Chocolatera. Most likely the same individual was seen until late September 2013 (B. Haase, in litt., October 2013). There have been previous records of adult S. leucogaster at this site and it seems plausible that the species occurs annually along Ecuador’s coast [1 ].",
2,guacor1,Guanay Cormorant,Phalacrocorax bougainvillii,santa_clara,El Oro,near Isla Santa Clara,19 December 2013 and 20 February 2014,28,-3.166667,-80.416667,0,NO_EBIRD,F. Sornoza* and J. Nilsson,"On 19 December 2013, a group of 28 individuals was first seen and photographed on a sandbank (Bajo del Burro) adjacent to Santa Clara Island by F. Sornoza (in litt., January 2014). Another six birds (including an immature) were observed and photographed on rocky pillars adjacent to Santa Clara Island (Figure 3d). There are still very few records of the species in Ecuador, all from the southwest [1 0,11 ].",
2,grnher,Green Heron,Butorides virescens,L471640,Galápagos,"Santa Cruz Island, Black Turtle Cove ",14 November 2012,1,-0.483333,-90.266667,0,S18547448,R. Ahlman,An adult was observed at close range at a coastal mangrove lagoon at the northern part of the island (Figure 3e). This is the second record for the Galápagos Islands (but the first published photograph), it was first reported from the highlands of Floreana on 28 March 1996 [1 2].
2,grbher3,Great Blue Heron,Ardea herodias,coca,Orellana,"Hotel La Misión, Coca, Napo River",24 January 2014,,-0.45,-76.966667,250,NO_EBIRD,P. Willoughby,"The Napo River record (Figure 3f) involves the first published record for eastern Ecuador and the Amazon basin [1 0]. At Las Peñas, the species was first reported in December 2010 (D. Brinkhuizen and B. de Bruin, unpubl. data), with up to five individuals being seen annually in marshy areas north of town [1 ] and thus, CERO no longer requires reports from this area.",
2,grbher3,Great Blue Heron,Ardea herodias,L2761796,Esmeraldas,Las Peñas,24–31 December 2013,1,1.1,-79.15,0,NO_EBIRD,J. Nilsson,"The Napo River record (Figure 3f) involves the first published record for eastern Ecuador and the Amazon basin [1 0]. At Las Peñas, the species was first reported in December 2010 (D. Brinkhuizen and B. de Bruin, unpubl. data), with up to five individuals being seen annually in marshy areas north of town [1 ] and thus, CERO no longer requires reports from this area.",
2,redegr,Reddish Egret,Egretta rufescens,L2120653,Santa Elena,Pacoa saltpans north of San Pablo,14 November 2013,1,-2.1,-80.716667,5 m,S65091215,"B. Haase*, D. Brinkhuizen and J. Nilsson","A dark-morph sub-adult was discovered on 14 November 2013 in a pond at the Pacoa saltpans complex (Figure 3g). It was observed several weeks earlier but was, at the time, regarded as an atypical Little Blue Heron Egretta  caerulea.  The  individual  was  still  present on 6 September 2014 (J. Nilsson, B. Olson and J. Olson, unpubl. data). It involves Ecuador’s second record, with the previous being a white morph in Amazonia [1 ].",
2,libher,Little Blue Heron,Egretta caerulea,santa_cruz,Galápagos,"Academy Bay, Puerto Ayora, Santa Cruz Island",3 March 2014,1,-0.483333,-90.266667,0,NO_EBIRD,J. Toyra,A single adult was photographed on a rocky shore-line and represents the fourth published record for the Galápagos Islands [11 ] (Figure 3h).,
2,whiibi,White Ibis,Eudocimus albus,tarapoa_road,Sucumbíos,14 km east of Lago Agrio on the road to Tarapoa,10–24 March 2014,6,-0.033333,-76.566667,260,NO_EBIRD,"J. Nilsson*, J. Olson*, B. Olson*, T. Seimola and D. Brinkhuizen","A single immature bird, moulting to adult plumage, was observed on 10 March 2014 at a fish farm complex east of Lago Agrio (Figure 3i). The bird was observed amongst a flock of 4-6 Scarlet Ibis Eudocimus ruber (see below). It is the first record for eastern Ecuador [1 0]. Although the species is fairly common in the west [1 0], the origin of the flock observed is most likely from eastern Colombia [1 3].",
2,scaibi,Scarlet Ibis,Eudocimus ruber,tarapoa_road,Sucumbíos,14 km east of Lago Agrio on the road to Tarapoa,10–24 March 2014,1,-0.033333,-76.566667,260,NO_EBIRD,"J. Nilsson*, J. Olson*, B. Olson*, T. Seimola and D. Brinkhuizen","A maximum of six birds (one adult and five immatures), together with an immature White Ibis Eudocimus albus (see above), were observed and photographed at a fish farm complex east of Lago Agrio (Figure 3j). Two birds (one adult and one immature) were previously reported from the same site [1 ]. It is unclear if their presence is seasonal (both observations are from March, during the dry season) and if the adult in question is the same individual observed a year earlier.",
2,norsho,Northern Shoveler,Anas clypeata,L2761796,Esmeraldas,Las Peñas,4 October 2013,1,1.1,-79.15,0,S18444676,R. Ahlman,"A single adult female was seen and photographed in the wetlands north of Las Peñas. Three individuals were photographed at the same site on 3 November 2013 (D. M. Brinkhuizen, unpubl. data). It seems that the species is a ‘ regular’ visitor to this area during boreal winter, but as only a few records exist [1 ], CERO would like to further monitor its occurrence here and elsewhere in Ecuador.",
2,cintea,Cinnamon Teal,Anas cyanoptera,L787523,Santa Elena,Ecuasal Mar Bravo,15-16 August 2013,6,-2.233333,-80.95,0,S18462238,"B. Haase*, R. Ahlman","Two adult males, two immature males and two females were seen in a saltpan complex at Salinas, but was not relocated on 17 August. A single immature male together with Blue-winged Teals Anas discors were seen close to Atacames (Figure 3k). One male and two females were seen in a shrimp pond east of Puerto Hualtaco, close to the Peruvian border. Finally, a group of five pairs were seen and photographed in a shrimp pond west of Santa Rosa, which is the largest number recorded so far in Ecuador. First records for Esmeraldas and Santa Elena provinces. The subspecific af inity is still not clear but birds seen during austral winter in southwest coastal Ecuador might belong to A. c. orinomus, which is common in western Peru [1 4]. The record from Esmeraldas could pertain to the northern migrant A. c. septentrionalium given  the  date  and  that  it  consorted  with A.   discors. There is also a recent published record of three birds shot in Manabí province [1 5]. It seems likely that A. cyanoptera is becoming a regular austral migrant in small numbers to the southwest coast. It remains unclear, though, if it was overlooked here before or if it has in fact increased in number. ",
2,cintea,Cinnamon Teal,Anas cyanoptera,L2763256,Esmeraldas,Atacames bypass,22 March 2014,1,0.866667,-79.833333,0,S18408220,R. Ahlman,"Two adult males, two immature males and two females were seen in a saltpan complex at Salinas, but was not relocated on 17 August. A single immature male together with Blue-winged Teals Anas discors were seen close to Atacames (Figure 3k). One male and two females were seen in a shrimp pond east of Puerto Hualtaco, close to the Peruvian border. Finally, a group of five pairs were seen and photographed in a shrimp pond west of Santa Rosa, which is the largest number recorded so far in Ecuador. First records for Esmeraldas and Santa Elena provinces. The subspecific af inity is still not clear but birds seen during austral winter in southwest coastal Ecuador might belong to A. c. orinomus, which is common in western Peru [1 4]. The record from Esmeraldas could pertain to the northern migrant A. c. septentrionalium given  the  date  and  that  it  consorted  with A.   discors. There is also a recent published record of three birds shot in Manabí province [1 5]. It seems likely that A. cyanoptera is becoming a regular austral migrant in small numbers to the southwest coast. It remains unclear, though, if it was overlooked here before or if it has in fact increased in number. ",
2,cintea,Cinnamon Teal,Anas cyanoptera,hualtaco,El Oro,"Puerto Hualtaco, N of Huaquillas",26 July 2013,3,-3.433333,-80.216667,5 m,S127552484,"J. Nilsson , D. Brinkhuizen","Two adult males, two immature males and two females were seen in a saltpan complex at Salinas, but was not relocated on 17 August. A single immature male together with Blue-winged Teals Anas discors were seen close to Atacames (Figure 3k). One male and two females were seen in a shrimp pond east of Puerto Hualtaco, close to the Peruvian border. Finally, a group of five pairs were seen and photographed in a shrimp pond west of Santa Rosa, which is the largest number recorded so far in Ecuador. First records for Esmeraldas and Santa Elena provinces. The subspecific af inity is still not clear but birds seen during austral winter in southwest coastal Ecuador might belong to A. c. orinomus, which is common in western Peru [1 4]. The record from Esmeraldas could pertain to the northern migrant A. c. septentrionalium given  the  date  and  that  it  consorted  with A.   discors. There is also a recent published record of three birds shot in Manabí province [1 5]. It seems likely that A. cyanoptera is becoming a regular austral migrant in small numbers to the southwest coast. It remains unclear, though, if it was overlooked here before or if it has in fact increased in number. ",
2,cintea,Cinnamon Teal,Anas cyanoptera,jeli,El Oro,along the road to Puerto Jelí west of Santa Rosa,10-11 September 2013,,-3.45,-79.966667,10,NO_EBIRD,J. Nilsson,"Two adult males, two immature males and two females were seen in a saltpan complex at Salinas, but was not relocated on 17 August. A single immature male together with Blue-winged Teals Anas discors were seen close to Atacames (Figure 3k). One male and two females were seen in a shrimp pond east of Puerto Hualtaco, close to the Peruvian border. Finally, a group of five pairs were seen and photographed in a shrimp pond west of Santa Rosa, which is the largest number recorded so far in Ecuador. First records for Esmeraldas and Santa Elena provinces. The subspecific af inity is still not clear but birds seen during austral winter in southwest coastal Ecuador might belong to A. c. orinomus, which is common in western Peru [1 4]. The record from Esmeraldas could pertain to the northern migrant A. c. septentrionalium given  the  date  and  that  it  consorted  with A.   discors. There is also a recent published record of three birds shot in Manabí province [1 5]. It seems likely that A. cyanoptera is becoming a regular austral migrant in small numbers to the southwest coast. It remains unclear, though, if it was overlooked here before or if it has in fact increased in number. ",
2,bratea1,Brazilian Teal,Amazonetta brasiliensis,tilapia,Sucumbíos,north of Lago Agrio,5 March 2014,1,0.2,-76.85,300,S18282499,R. Ahlman,"First record for Ecuador. A male (possibly an immature given the somewhat dusky bill) was seen and photographed at “Lago de Tilapia”, a large expanse of fishponds 15 km N of Lago Agrio (Figure 1 a). The observer suspects that this bird was a migrant or wandering individual that had been pushed down by heavy rain during the night/early morning. It was searched for in the afternoon when the rain had stopped but not relocated. It is likely that it originated from the llanos of Colombia, possibly straying to new areas after deforestation in the Amazon, similar to other species [1 ].",
2,lessca,Lesser Scaup,Aythya affinis,L2120653,Santa Elena,Ecuasal Pacoa,16 November 2012,,-2.1,-80.716667,5 m,NO_EBIRD,B. Haase,"First record for the Santa Elena [11 ] involves one individual seen and photographed at the salt-pan complex at Pacoa. At La Segua, 25 individuals were observed and photographed, matching numbers seen in January 2013 (Figure 3l). The 2013 flock grew to 95 individuals in February [1 ]; unfortunately we have no reports from February 2014. Number of records and the number of birds in each record have notably increased over the last years [1 ,1 0], but CERO will continue to receive reports of this species to further document its occurrence in the country.",
2,lessca,Lesser Scaup,Aythya affinis,L2034603,Manabí,La Segua,5 January 2014,25,-0.7,-80.183333,10,NO_EBIRD,J. Nilsson,"First record for the Santa Elena [11 ] involves one individual seen and photographed at the salt-pan complex at Pacoa. At La Segua, 25 individuals were observed and photographed, matching numbers seen in January 2013 (Figure 3l). The 2013 flock grew to 95 individuals in February [1 ]; unfortunately we have no reports from February 2014. Number of records and the number of birds in each record have notably increased over the last years [1 ,1 0], but CERO will continue to receive reports of this species to further document its occurrence in the country.",
2,astcra1,Ash-throated Crake,Porzana albicollis,L882540,Sucumbíos,Sacha Lodge,17 January 2014,2,-0.45,-76.45,240,S82308972,"R. Vickers*, M. Lysinger, J. Nilsson","First record for Ecuador. Several territorial pairs of what apparently is a breeding resident population were found at Laguna Lagartococha, Sacha Lodge on 17 January 2014 (Figure 1 b). Lagartococha is an old oxbow lake overgrown with grass, scattered trees and bushes, where the lodge keeps a small canal open for canoeing. As there are a few pairs here, it seems likely that it will be found elsewhere in marshy habitat in northern Amazonian Ecuador.",
2,blaoys1,Blackish Oystercatcher,Haematopus ater,L1764932,Santa Elena,Chanduy,20 June 2013,1,-2.4,-80.683333,0,S70753917,"G. E. Wallace*, H. Freifeld*, R. Ahlman","First record for Ecuador. A juvenile was discovered at Chanduy village and remained until at least 9 August 2014 (R. Ahlman). It was seen and photographed by several observers (Figure 1 c). During low tide it fed on exposed rocks just of the fishing port while during high tide it rested on sandy beaches. This record could involve a post-breeding dispersal of a juvenile that fledged in northern Peru [1 4], or possibly an overshooting austral migrant. During its stay at Chanduy the bird moulted from juvenile to adult plumage.",
2,wilsni1,Wilson’s Snipe,Gallinago delicata,L5220463,Imbabura,Lago San Pablo,23 January 2014,3,0.216667,-78.2,2660,S139692302,R. Ahlman,A flock of three was found at a water treatment plant on the west side of the lake. The birds were photographed and heard calling (Figure 3m). This represents the fifth record for Ecuador but only the second documented. Two birds were found here during the boreal winter of 2013 [1 ]. See Freile et al. [1 ] for a detailed discussion ofprevious observations.,
2,margod,Marbled Godwit,Limosa fedoa,bahia_cara,Manabí,Bahía de Caráquez,1 January 2014,21,-0.583333,-80.416667,0,S19284664,J. Nilsson,"Twenty-one individuals were seen in the Chone river estuary near the new bridge between Bahía de Caráquez and San Vicente. This is a known wintering site since it was first discovered in 2007 [1 ]. CERO no longer requires written reports from this area. However, as only a handful of records exist from Ecuador [1 ,10], new localities will provide a more thorough understanding ofthe species’ migration in Ecuador.",
2,ribgul,Ring-billed Gull,Larus delawarensis,L2761556,Esmeraldas,La Tola,3–4 October 2013,1,1.2,-79.05,0,S18444855,R. Ahlman,"A single bird in second winter plumage was observed and photographed on a shrimp pond (Figure 3n), resting and feeding together with Laughing Gull Leucophaeus atricilla and Grey-hooded Gull Chroicocephalus cirrocephalus.  It was last seen and photographed on 2 November 2013 (J. Nilsson). This represents the second confirmed record from Ecuador, the first being photographed at La Libertad, Santa Elena in 1991 [1 0]. Haase [11 ] reports several unconfirmed sightings from Ecuasal and Monteverde but precludes validation, owing to identification uncertainty.",
2,calgul,California Gull,Larus californicus,L659310,Imbabura,Yahuarcocha,14 February 2014,1,0.366667,-78.083333,2200,S18579208,"K. Terán Portelles, E. Guevara, R. Hipo, D. Pozo and L. Salagaje","A single bird in first winter plumage was first located on 14 February 2014 while resting on floating material and on a nearby dock. Other observers later relocated it, with last observations on 5 March 2014 (R. Ahlman). This is the first documented record for South America [5], and the second Ecuadorian record (Figure 2a). Ridgely & Greenfield [1 0] report a sighting from Ecuasal, Santa Elena. R. S. Ridgely (in litt. 2011 ) considers the sighting from Ecuasal as valid since observers (Davis Finch and he) saw the bird for a protracted time period and took detailed field notes.",
2,bongul,Bonaparte’s Gull,Chroicocephalus philadelphia,san_pablo_estu,Santa Elena,San Pablo estuary,12–14 November 2013,1,-2.133333,-80.766667,5,S64751107,"B. Haase*, J. Nilsson and D. Brinkhuizen","First record for Ecuador. A bird in first winter plumage was first located on the morning of 12 November 2013 swimming and foraging in a phalarope-like manner. It remained in the same channel at San Pablo estuary for the next two days when photographed (Figure 1 d), foraging together with Grey-hooded Gull Chroicocephalus cirrocephalus and Franklin’s Gull Leucophaeus pipixcan.",
2,caster1,Caspian Tern,Hydroprogne caspia,L2034603,Manabí,La Segua,5 January 2014,7,-0.7,-80.183333,10,NO_EBIRD,J. Nilsson,"Seven birds of undetermined age and sex were located and photographed on a muddy lakeshore of a small, fairly open lake with small floating ‘ islands’, surrounded by marshy vegetation and muddy beaches (Figure 3o). This record, which is the largest concentration of the species in Ecuador to date, is from the same area previously reported by CERO [1 ], and suggests that the wetlands between Chone and San Vicente are possibly a regular stopover/wintering site for the species.",
2,capowl1,Central American Pygmy-owl,Glaucidium griseiceps,sabalera,Carchi,"La Sabalera, near Lita",15 August 2008,1,0.866667,-78.466667,650,NO_EBIRD,P. Moscoso* and J. Freile,"A single bird was observed in the daytime, roosting in a tree hole c. 1 .6 m above the ground, inside tall primary forest. It remained motionless for 3 min, slowly moving its head sideways. There are few records of this species in Ecuador [1 6] and the species’ natural history, distribution, status, and even taxonomic af inities in Ecuador remain poorly known [1 0].",
2,ampkin1,American Pygmy Kingfisher,Chloroceryle aenea,L618326,Pichincha,"Botanical Garden, Quito",13–15 July 2013,1,-0.183333,-78.483333,2780,S65091131,"R. Ahlman, S. Woods","A female-plumaged bird was photographed and seen by various observers at a small pond surrounded by lush bushes and smaller trees in northern Quito (2750 m elevation) (Figure 3p). This constitutes the first Ecuadorian highlands record [1 0], with few observations from the Mindo area (A. Solano-Ugalde and J. Freile, unpubl. data). It is reported as casual in the Bogotá (Colombia) area, at 2600 m elevation [1 3,17].",
2,cicspa1,Cinnamon-crested Spadebill,Platyrinchus saturatus,gallo,Sucumbíos,"Canta Gallo, N of San Miguel River",21 September 2013,1,0.283333,-76.3,280,NO_EBIRD,J. Nilsson,"A single individual was seen at mid strata inside selectively logged old growth (terra firme) with open understory, accompanying a small mixed species flock. This is only the second record for Ecuador; the first record being a male mist-netted and collected in the same area 20 years earlier, on 9 Aug 1993 [1 0].",
2,grcfly,Great Crested Flycatcher,Myiarchus crinitus,L618326,Pichincha,"Botanical Garden, Quito",17 October 2012,1,-0.183333,-78.483333,2780,S20166122,R. Ahlman,"A juvenile was seen and photographed in a lush area with trees and bushes in northern Quito (2750 m elevation). This is the third record for the Ecuadorian highlands, the first and second records coming from the same locality [1 ]. It is known at up to 2600 m on the Bogotá Savanna in Colombia [1 7] and it is recorded as far south as N Peru [1 4]. One individual was seen and heard in the canopy of tall old growth, c. 1 .5 km E of Playa del Oro village, along the Pueblo Trail. It responded well to playback of its own species. Two individuals were seen along a forest trail west of the village of Mataje on two dif erent occasions: 29 December 2013 and 20 January 2014. Lastly, one bird was seen and photographed a few km SE of Tunda Loma Lodge (Figure 3q). There is only one earlier documented record from the west slope [1 ]. Considering that four individuals were seen within three weeks in the same general area (extreme northwest Ecuador) we suggest that the species might be more regular here during boreal winter than previously thought.",
2,grcfly,Great Crested Flycatcher,Myiarchus crinitus,L615475,Esmeraldas,Playa del Oro,17 January 2014,1,0.866667,-78.8,200 m,S102527579,"J. Nilsson, I. Ellis  G. Ellis ","A juvenile was seen and photographed in a lush area with trees and bushes in northern Quito (2750 m elevation). This is the third record for the Ecuadorian highlands, the first and second records coming from the same locality [1 ]. It is known at up to 2600 m on the Bogotá Savanna in Colombia [1 7] and it is recorded as far south as N Peru [1 4]. One individual was seen and heard in the canopy of tall old growth, c. 1 .5 km E of Playa del Oro village, along the Pueblo Trail. It responded well to playback of its own species. Two individuals were seen along a forest trail west of the village of Mataje on two dif erent occasions: 29 December 2013 and 20 January 2014. Lastly, one bird was seen and photographed a few km SE of Tunda Loma Lodge (Figure 3q). There is only one earlier documented record from the west slope [1 ]. Considering that four individuals were seen within three weeks in the same general area (extreme northwest Ecuador) we suggest that the species might be more regular here during boreal winter than previously thought.",
2,grcfly,Great Crested Flycatcher,Myiarchus crinitus,mataje,Esmeraldas,Mataje,29 December 2013,2,1.35,-78.716667,50,NO_EBIRD,"J. Nilsson, I. Ellis, G. Ellis","A juvenile was seen and photographed in a lush area with trees and bushes in northern Quito (2750 m elevation). This is the third record for the Ecuadorian highlands, the first and second records coming from the same locality [1 ]. It is known at up to 2600 m on the Bogotá Savanna in Colombia [1 7] and it is recorded as far south as N Peru [1 4]. One individual was seen and heard in the canopy of tall old growth, c. 1 .5 km E of Playa del Oro village, along the Pueblo Trail. It responded well to playback of its own species. Two individuals were seen along a forest trail west of the village of Mataje on two dif erent occasions: 29 December 2013 and 20 January 2014. Lastly, one bird was seen and photographed a few km SE of Tunda Loma Lodge (Figure 3q). There is only one earlier documented record from the west slope [1 ]. Considering that four individuals were seen within three weeks in the same general area (extreme northwest Ecuador) we suggest that the species might be more regular here during boreal winter than previously thought.",
2,grcfly,Great Crested Flycatcher,Myiarchus crinitus,L1481428,Esmeraldas,Tunda Loma,19 January 2014,1,1.183095,-78.75,c. 35,S102527577,"I. Ellis, J. Nilsson, G. Ellis","A juvenile was seen and photographed in a lush area with trees and bushes in northern Quito (2750 m elevation). This is the third record for the Ecuadorian highlands, the first and second records coming from the same locality [1 ]. It is known at up to 2600 m on the Bogotá Savanna in Colombia [1 7] and it is recorded as far south as N Peru [1 4]. One individual was seen and heard in the canopy of tall old growth, c. 1 .5 km E of Playa del Oro village, along the Pueblo Trail. It responded well to playback of its own species. Two individuals were seen along a forest trail west of the village of Mataje on two dif erent occasions: 29 December 2013 and 20 January 2014. Lastly, one bird was seen and photographed a few km SE of Tunda Loma Lodge (Figure 3q). There is only one earlier documented record from the west slope [1 ]. Considering that four individuals were seen within three weeks in the same general area (extreme northwest Ecuador) we suggest that the species might be more regular here during boreal winter than previously thought.",
2,sntkin1,Snowy-throated Kingbird,Tyrannus niveigularis,L618326,Pichincha,"Botanical Garden, Quito",4 March 2014,2,-0.183333,-78.483333,2780,S17343849,D. Brinkhuizen,"Two individuals were seen and photographed in a lush area with trees and bushes in northern Quito (2750 m elevation) (Figure 3r) and at least one individual was still present in October 2014. This represents the first Ecuadorian highlands record as well as the first high Andes record [1 0,17].",
2,ruttyr1,Rufous-tailed Tyrant,Knipolegus poecilurus,L618326,Pichincha,"Botanical Garden, Quito ",22 April 2011,1,-0.183333,-78.483333,2780,S20160830,R. Ahlman,"One adult was seen and photographed on two separate occasions (November 2010 and April 2011 ) while foraging in bushes and small trees as well as on the ground, at 2750 m elevation (Figure 3s). This represents the first record for the Ecuadorian Interandean valleys [1 0]. Elsewhere the species is known to range up to 3100 m [1 4, 17]. It remains to be determined where these birds come from. The main population in Ecuador ranges mainly from 1000-2000 m in the east Andean slopes, but there is at least one record of a breeding pair in the extreme northwest (J. Nilsson, unpubl. data) [1 8], and it is known from Nariño in southwest Colombia [1 3].",
2,ruttyr1,Rufous-tailed Tyrant,Knipolegus poecilurus,L618326,Pichincha,"Botanical Garden, Quito ",19 November 2010,1,-0.183333,-78.483333,2780,S65090697,R. Ahlman,"One adult was seen and photographed on two separate occasions (November 2010 and April 2011 ) while foraging in bushes and small trees as well as on the ground, at 2750 m elevation (Figure 3s). This represents the first record for the Ecuadorian Interandean valleys [1 0]. Elsewhere the species is known to range up to 3100 m [1 4, 17]. It remains to be determined where these birds come from. The main population in Ecuador ranges mainly from 1000-2000 m in the east Andean slopes, but there is at least one record of a breeding pair in the extreme northwest (J. Nilsson, unpubl. data) [1 8], and it is known from Nariño in southwest Colombia [1 3].",
2,chbcot1,Chestnut-bellied Cotinga,Doliornis remseni,L1819234,Carchi,Cerro Mongus,22 January 2014,3,0.45,-77.866667,3400,S102525204,"M. Cabrera, J. Nilsson, I. Ellis, G. Ellis","At least three individuals, presumably an adult male, an adult female and an immature were observed in dense elfin forest just below treeline. The male was spreading its crest while vocalizing. Although there are several earlier records from this type locality [1 9], we report the first ever recording of its vocalizations (xeno-canto XC 165648, 165650), which is almost identical to Bay-vented Cotinga Doliornis sclateri (see xeno-canto XC 41676). The presence of a young bird represents a hint towards the basically unknown breeding biology of the genus Doliornis [20]. A photographic record was recently published from a new locality in Ecuador for the species (Quebrada Río Plata, Llanganates National Park) [21 ].",
2,yetvir,Yellow-throated Vireo,Vireo flavifrons,L858993,Napo,"Wildsumaco Lodge, Coopmans’ trail",10 February 2008,1,-0.666667,-77.6,1500,NO_EBIRD,J. Nilsson,"A single adult was found foraging for insects 7 m up in an open tree in tall secondary forest, close to a mixed species flock. Nilsson et al. [22] reported this as the first Ecuadorian record, antedating observations from the provinces of Esmeraldas and Imbabura presented in CERO’s first annual report [1 ].",
2,wlswar,Wilson’s Warbler,Cardellina pusilla,L489454,Napo,Cabañas San Isidro,8 December 2013,1,-0.5902,-77.8786,2000,S22840954,"H. Brieschke*, M. Lysinger and C. Bustamante",An adult male was observed and photographed at close range in secondary forest edge in the lodge gardens (Figure 2b). It was continuously seen until 13 February 2014 (D. Brinkhuizen). This is the first photo-documented record for the country and the first for the eastern Andes. There are at least three previous observations known to CERO from the provinces of Pichincha and Loja [23].,
2,babwar,Bay-breasted Warbler,Setophaga castanea,L615475,Esmeraldas,Playa de Oro,22 February 2012,1,0.866667,-78.8,200 m,S10010124,L. Seitz,"A single observation from Playa de Oro was posted on eBirds, but no details were provided. A photo from the same site was later submitted by N. Athanas, which corroborates the identification. In Pichincha, one immature male was observed and photographed in secondary forest edge at the entrance to Río Silanche Bird Sanctuary (Figure 3t). It was loosely associated with a mixed species flock, occasionally uttering a tjek call reminiscent of Backpoll Warbler Setophaga striata.",
2,babwar,Bay-breasted Warbler,Setophaga castanea,L1396974,Pichincha,Entrance to Silanche,4 February 2014,1,0.1451,-79.1414,c. 450,S143166698,"D. Brinkhuizen, J. Gustad, S. Sæther, K. Sæther, C. Kamsvåg, K. Hendseth","A single observation from Playa de Oro was posted on eBirds, but no details were provided. A photo from the same site was later submitted by N. Athanas, which corroborates the identification. In Pichincha, one immature male was observed and photographed in secondary forest edge at the entrance to Río Silanche Bird Sanctuary (Figure 3t). It was loosely associated with a mixed species flock, occasionally uttering a tjek call reminiscent of Backpoll Warbler Setophaga striata.",
2,spetan1,Speckled Tanager,Tangara guttata,L2254852,El Oro,"Buenaventura Reserve, Piñas",18 July 2012,2,-3.55,-79.983333,1000,S104524048,L. Navarrete,"First record involves two birds, presumably adults, observed (one of them photographed) in tall second growth while following a mixed tanager flock dominated  by  Beryl-spangled  Tanager  Tangara  nigroviridis. Second record involves a single adult observed and photographed at the edge of primary forest canopy, adjacent to the highway (Figure 2c). It was seen briefly joining a mixed species flock that included other tanager species, Scarlet-rumped Cacique Cacicus uropygialis and other birds attracted by swarming termites. The species was first observed in this area by P. J. Greenfield on December 2003 and by M. Lysinger on February 2004 [1 8]. The taxonomy of this population, which is separated by more than 650 km from the nearest population in Colombia (T. guttata tolimae) [24], remains unclear. It may well represent an isolated population of T. g. tolimae or a new taxon [1 8]. Specimens are needed to confirm its identity.",
2,spetan1,Speckled Tanager,Tangara guttata,buenaventura,El Oro,"edge of Buenaventura Reserve, old hummingbird garden, Piñas",16 February 2014,2,-3.55,-79.983333,1000,NO_EBIRD,J. Nilsson,"First record involves two birds, presumably adults, observed (one of them photographed) in tall second growth while following a mixed tanager flock dominated  by  Beryl-spangled  Tanager  Tangara  nigroviridis. Second record involves a single adult observed and photographed at the edge of primary forest canopy, adjacent to the highway (Figure 2c). It was seen briefly joining a mixed species flock that included other tanager species, Scarlet-rumped Cacique Cacicus uropygialis and other birds attracted by swarming termites. The species was first observed in this area by P. J. Greenfield on December 2003 and by M. Lysinger on February 2004 [1 8]. The taxonomy of this population, which is separated by more than 650 km from the nearest population in Colombia (T. guttata tolimae) [24], remains unclear. It may well represent an isolated population of T. g. tolimae or a new taxon [1 8]. Specimens are needed to confirm its identity.",
2,biccon1,Bicolored Conebill,Conirostrum bicolor,sani_isla,Sucumbíos,"unnamed young river island near Sani Isla, Napo River",6 March 2014,1,-0.47708,-76.2943,210,NO_EBIRD,"A. Solano-Ugalde*, J.  Nilsson, B. Olson, J. Olson","A single adult male was observed, videotaped, sound recorded and photographed by J. Nilsson, B. Olson and J. Olson. while foraging acrobatically, clinging upsidedown, in subcanopy of a Cecropia sp. stand (Figure 2d). This represents the first documented record of the species in Ecuador, where a single previous observation exists [1 0]. A month earlier the species was observed at the same locality (A. Solano-Ugalde, in litt. March 2014), and C. Vogt last saw it on 25 September 2014. ",
2,trimun,Tricolored Munia,Lonchura malacca,north_churute,Guayas,10-20 km north of Manglares-Churute,2014,70,-2.316667,-79.633333,10,NO_EBIRD,"O. Carrión*, M. Gurney, J. Nilsson, P. Coopmans, A. Solano-Ugalde, D. M. Brinkhuizen","On 21 February 2014 some 70 birds were observed and photographed feeding on seeding grass at the edge of a dirt road through vast sugar cane fields (Figure 3u). Also seen flying with dry grass in their beaks, most likely nesting material. This record further confirms the presence of an established feral population of this species along the central coastal lowlands of Ecuador [25], where apparently first found by M. Gurney in December 2004 at Rio Palenque, Los Ríos, and the late P. Coopmans in January 2005 at Puerto Inca, Guayas. Additional sightings since 2007 include: photos taken at the eastern edge of Quevedo city (fide J. M. Carrión), one observed near La Concordia, Esmeraldas (A. Solano-Ugalde), one photographed near Las Golondrinas (D. M. Brinkhuizen) and further observations in the Manglares-Churute region (see Chestnut Munia L. atricapilla account below). ",
3,gnwtea,Green-winged Teal,Anas crecca,L2034603,Manabí,La Segua,28 and 30 December 2014,1,-0.713,-80.201,2,S21052832,"R. Ahlman, D. Brinkhuizen and J. Nilsson","A single drake was first observed on 28 December 2014 by R. Ahlman. It was foraging among a flock of Blue-winged Teal Anas discors and White-cheeked Pintail A. bahamensis. It was relocated by D. Brinkhuizen and J. Nilsson on 30 December 2014, at the same place. This record was first published, including voucher photograph, by Ahlman (2016). The species regularly winters in southern North America, Central America and the Caribbean, with few accidental records in northern Colombia, northern Venezuela, and Trinidad and Tobago (Madge & Burn, 1988; Restall et al., 2006).",
3,lessca,Lesser Scaup,Aythya affinis,L2761712,Cotopaxi,Laguna de Yambo,January-March 2014,2,-1.102,-78.589,2585,NO_EBIRD,"A. Soria, S. Niquinga, J. M. Loaiza, J. Bedoya, J. Freile, A. Naveda, and G. Bucheli","Two females were observed from late January through late March during waterbird censuses and birding visits (Fig. 5a). They were feeding among a flock of Ruddy Ducks Oxyura jamaicensis in fairly shallow waters along the lake's shoreline. Record localities and overall numbers of this boreal migrant duck in Ecuador have notably increased in recent years (Freile et al., 2013; Nilsson et al., 2014), suggesting that the species is currently an annual visitor to northern Ecuador. This is the species' southernmost record in the Interandean valley of Ecuador, and the first for Laguna de Yambo.",
3,pibgre,Pied-billed Grebe,Podilymbus podiceps,L889665,Orellana,Laguna Añangucocha,2 February 2014,1,-0.533,-76.4,220,S20277997,C. Talkington,"A single individual was seen at close range (less than 100 m) swimming at Laguna Añangucocha, Napo Wildlife Centre (Fig. 4a). This represents the species' first record for eastern Ecuador, 190-200 km E of its breeding range in the Andean wetlands in Pichincha and Imbabura provinces (Ridgely & Greenfield, 2001). This individual most likely belongs to the subspecies P. p. antarcticus, because of its proportionately heavy and thick bill.",
3,bulalb2,Buller's Albatross,Thalassarche bulleri,L18065076,Santa Elena,Ayangue,1997,1,-1.983,-80.733,0,NO_EBIRD,R. Carvajal and P. Amador (fide B. Haase),"One fresh, washed-out dead individual was found and photographed on an undetermined date (possibly April) in 1997 at Ayangue (Haase, 2011). The specimen was not collected but a single photograph was delivered to B. Haase (Fig. 1a). Bill and underwing patterns confirm the identification, excluding similar Grey-headed Thalassarche chrysostoma and Salvin's T. salvini albatrosses (Onley & Scofield, 2007). This represents the first record for Ecuador (Ridgely & Greenfield, 2001; Freile et al., 2016). The species has been reported as a rare austral visitor to south and central Peru (Schulenberg et al., 2007), but regularly winters off central Chile (Onley & Scofield, 2007).",
3,galpet,Galapagos Petrel,Pterodroma phaeopygia,gualchan,Carchi,Gualchán,16 March 2010,1,0.711,-78.197,c. 1100,NO_EBIRD,"José María Loaiza, and José Hernández","A single adult male, as labeled by the collectors, was found by José Hernández. The bird was present along a small river for c. 3 months before it weakened, and was finally trapped for inspection, but died (Fig. 4b). The specimen is deposited at the Museo Ecuatoriano de Ciencias Naturales (MECN 0192). This represents the first record for inland Ecuador, c. 105 km from the coast at an elevation of c. 1100 m (Ridgely & Greenfield, 2001; Freile et al., 2016), and the first inland continental record we are aware of a Pterodroma petrel (Onley & Scofield, 2007).",
3,manshe,Manx Shearwater,Puffinus puffinus,san_cris_2,Galápagos,2 km N of San Cristóbal Island,13 August 2011,1,-0.65,-89.366,0,NO_EBIRD,G. Armistead,3,"An adult was recorded by G. Armistead 2 km N of San Cristóbal, and a single photograph was published in Cotinga 34: 186 (Kirwan et al., 2012). Additional photos submitted by the observer to CERO allowed for a more thorough assessment to confirm its identification (Fig. 1b). This is the first record for Galápagos and Ecuador (Wiedenfeld, 2006; Freile et al., 2016). This Atlantic Ocean species has occasionally been reported from the Pacific Ocean off Washington, Oregon and California, USA, south to Oaxaca, Mexico; also around Cape Horn and off S and C Chile (Sibley, 2003; Howell, 2012; Carboneras et al., 2016)."
3,wbspet1,White-bellied Storm-Petrel,Fregetta grallaria,L1764936,Santa Elena,La Chocolatera,25 August 2014,1,-2.189,-81.011,0,S31698498,J. Nilsson.,"A presumably adult bird was observed flying slowly, alternating between glides and flaps, and tilting from side to side, periodically (every 4–5 m) dashing its breast against the water, then bouncing free while dangling its feet. Several times it sliced the water's surface with one wing tip, a behavior described as typical and distinctive of the genus Fregetta (Onley & Scofield, 2007). It was observed at 80–100 m distance range under good to medium light conditions. Careful study of field characters permitted identification from congeners and from the less chunky Oceanodroma and Oceanites storm-petrels. There are a few confirmed records from Galápagos, including one specimen (Wiedenfeld, 2006), but no previous records of this species from Ecuador's mainland coast. It normally ranges well to the west of mainland Ecuadorian waters (Onley & Scofield, 2007), with a few undocumented records from Peru (Schulenberg et al., 2007), but post-breeding movements are not well known (Onley & Scofield, 2007). Given the lack of documentation to support this record, the species is classified as hypothetical (i.e., undocumented) for mainland Ecuador.",
3,brnboo,Brown Booby,Sula leucogaster,L1764936,Santa Elena,La Chocolatera,6 September 2014,1,-2.189,-81.011,0,S19778264,"C. Hinkle, A. Hinkle, J. Nilsson and B. Haase","A single individual was observed flying southwards, low over the water. The species has been regularly observed at La Chocolatera since 2013 (Freile et al., 2013; Nilsson et al., 2014), with earlier records from 2010 (Haase, 2011). Despite the low number of records until 2010, we now believe S. leucogaster is a regular wanderer or transient along the Ecuadorian coast. Therefore, CERO no longer requests records of this species from the Santa Elena province.",
3,,Gannet sp.,Morus sp,L1764936,Santa Elena,La Chocolatera,13 May 2002,1,-2.189,-81.011,0,NO_EBIRD,B. Haase.,"An adult was observed flying low over the water, at a distance of c. 150 m. The bird was alone, flying northwest. The following characters were noted: very large 'booby', white body and basal half of wings; pale lead-grey bill with dark linings; black mask; noticeable yellow cast to crown and hindneck; black flight feathers and tail. The bird was identified as Cape Gannet Morus capensis by the observer, who provided a detailed description, with comparisons of Sula species known to visit the Ecuadorian coast, either regularly or accidentally. However, description details were insufficient to separate it from the extremely similar Australasian Gannet M. serrator (Harrison, 1987). Even though M. capensis – and not M. serrator – has previously been recorded from the Pacific coast of South America (GarcíaGodos, 2002), we prefer to tentatively accept this record as a gannet Morus sp. Due to absence of documentation, the species is classified as hypothetical. ",
3,blchaw1,Black-collared Hawk,Busarellusnigricollis,L1396083,Sucumbíos,Laguna de Limoncocha,29 May 2014,1,-0.39,-76.599,230,S18679149,R. Ahlman,"An adult was observed at the northeast section of Laguna Limoncocha, along a marsh-fringed, stream-like portion of the lake (Fig. 5b). In Ecuador, the species is known mainly from the Lagartococha River drainage at the far eastern border with Peru (Ridgely & Greenfield, 2001), 130–150 km E of Limoncocha. It was not previously reported from Limoncocha despite extensive fieldwork from 1963 through 1976 (Pearson et al., 1972; Tallman & Tallman, 1977).",
3,tatdot1,Tawny-throated Dotterel,Oreopholusruficollis,L1764936,Santa Elena,La Chocolatera,3-21 June 2015,1,-2.189,-81.011,0,S32062678,B. Haase and J. Nilsson,"A single adult was first found on 3 June and last seen on 21 June 2015 in open, barren, desert-like terrain bordering the ocean, with gently rolling sand dunes and rocky areas (Fig. 3). The previous mainland record for Ecuador was in 1898, when two birds were collected in Santa Elena Peninsula, one of them labeled as immature (Salvadori & Festa, 1900). There is in addition a single observation of a bird photographed on Isla Española, Galápagos, on 23 June 1991 (Ridgely & Greenfield, 2001). The bird of La Chocolatera belongs to the subspecies Oreopholus ruficollis pallidus as it showed pale buffy scapulars and wing-coverts with very thin black central stripes (nominate O. r. ruficollis has much broader, darker lines over a richer, deeper creamy background). It also had a paler grey crown, back and breast compared with the nominate form (Schulenberg et al., 2007). The subspecific identity of Ecuadorian birds has not been fully resolved, but Ridgely & Greenfield (2001) suggested they were O. r. pallidus. Subspecific identity of the two 1898 specimens, as well as of the Galápagos bird has to be determined. The species was ranked as extirpated from Ecuador (Granizo, 2002) but it is not fully clear if O. ruficollis is a resident or an occasional wanderer from coastal Peru.",
3,semplo,Semipalmated Plover,Charadrius semipalmatus,L3157728,Pichincha,"Aeropuerto de Quito, Tababela",19 December 2014,1,-0.108,-78.365,2350,NO_EBIRD,J. Nilsson,"A single bird was feeding on mudflats at a reservoir shore, at a distance of c.   200 m.   Due to the distance and given that no voice was heard, the Common Ringed Plover Charadrius hiaticula from Eurasia could not be entirely ruled out. However, we consider it very unlikely this species was involved, as there are no confirmed records in South America (Remsen et al., 2016). There are a few previous records of C. semipalmatus from Andean Ecuador (Ridgely & Greenfield, 2001), including Reservorio de Cumbayá and Laguna Limpiopungo, 8 km W and 32 km SW of Tababela, respectively.",
3,colplo1,Collared Plover,Charadrius collaris,L2761969,Pichincha,Reservorio de Cumbayá,30 October 2014,1,-0.193,-78.427,2360,S20390985,J. Nilsson,"A single bird was observed from 30 October to 1 November 2014 (Fig. 4c). This is the species' first highland record in Ecuador, where it is normally found along riverbanks and beaches in the lowlands and along the coast (Ridgely & Greenfield, 2001). There are few records in the Andes of Bolivia (Fjeldså & Krabbe, 1990).",
3,uplsan,Upland Sandpiper,Bartramia longicauda,tarqui_manta,Manabí,"Playa de Tarqui, Manta",18 September 2014,1,-0.933,-80.716,0,NO_EBIRD,"J. Nilsson, B. Olson and J. Olson","A single individual was observed on a stone pier between the open ocean and a shallow bay with mudflats (Fig. 4d). There are only a few scattered records of this boreal migrant from the western lowlands, including an old specimen from Río Blanco, Esmeraldas province (Ridgely & Greenfield, 2001), one bird observed at Salinas (Haase, 2011), and another one seen at Durán, Guayas province (R. Ahlman, in litt. 2011).",
3,lobcur,Long-billed Curlew,Numenius americanus,carnero,Santa Elena,Punta Carnero,29 August 1997,1,-2.289,-80.913,1,S11884711,W. Nezadal.,"An adult was observed for c. 5 min resting and preening on sandy mudflats behind a beach. The bird was described as being brown with a scaly upperside, more plain buffy underparts, lacking bold head-stripes of Whimbrel Numenius phaeopus, and being more cinnamon brown than N. phaeopus. It also appeared nearly the size of a nearby Snowy Egret Egretta thula, and was much bigger than Willet Tringa semipalmata, which was also feeding nearby. Bill was reported as extremely long and down-curved. Numenius americanus is known to winter primarily in Central America and the Caribbean, with few records from northernmost South America along the Caribbean coasts of Colombia, Venezuela, and Trinidad and Tobago (Hayman et al., 1986). The species has been accepted unanimously as hypothetical for Ecuador given the lack of documentation. The species is generally rare in South America and currently near-threatened (BirdLife International, 2016).",
3,sander,Sanderling,Calidris alba,L3157728,Pichincha,"Aeropuerto de Quito, Tababela",10 November 2014,1,-0.108,-78.365,2350,S20509227,R. Ahlman,"A single individual was observed and photographed on the rocky edge of the airport reservoir. Another bird in nonbreeding plumage was observed feeding at the shores of Laguna de Papallacta. There is one previous Andean record of this primarily coastal migrant in Ecuador from Yaguarcocha, Imbabura province (Santander et al., 2011), 50 km NNE of Tababela and 62 km N of Papallacta.",
3,sander,Sanderling,Calidris alba,L798753,Napo,Laguna de Papallacta,18 November 2014,1,-0.376,-78.166,3356,NO_EBIRD,J. Nilsson,"A single individual was observed and photographed on the rocky edge of the airport reservoir. Another bird in nonbreeding plumage was observed feeding at the shores of Laguna de Papallacta. There is one previous Andean record of this primarily coastal migrant in Ecuador from Yaguarcocha, Imbabura province (Santander et al., 2011), 50 km NNE of Tababela and 62 km N of Papallacta.",
3,dunlin,Dunlin,Calidris alpina,L2761796,Esmeraldas,Las Peñas,23 November 2014,1,1.1,-79.15,0,S20650770,R. Ahlman,"A single immature was observed on a sandbar of an abandoned shrimp pond, resting among a group of c. 200 waders (Fig. 2a). Overall size and shape, bill length and shape, and the presence of rufous scapular fringing confirm its identification. There are three previous observations reported in the literature, from Santa Elena peninsula and the Isla de los Pájaros, near San Lorenzo, Esmeraldas province (Ridgely & Greenfield, 2001; Haase, 2011; Freile et al., 2013). The Las Peñas record represents the first documentation for this accidental boreal transient.",
3,lobdow,Long-billed Dowitcher,Limnodromus scolopaceus,n_anangu,Sucumbíos,Río Napo near Añangu,26 February 2015,1,-0.505,-76.401,c. 220,NO_EBIRD,"P. Greenfield, D. Zorrilla and J. Guzmán","A juvenile in first-winter plumage was observed in rather still water near the shoreline of a river island (Fig. 4e). Species identification was consulted with several experts on waders (R. S. Ridgely, L. Bevier, D. Paulson and N. van Duivendijk, in litt. 2015) and photos were uploaded at the electronic discussion forum of Dutch Birding (https://www. dutchbirding.nl/forum) resulting in an identification consensus as Limnodromus scolopaceus based on the following field marks: scapular feather edging, breast and flank pattern, tail pattern, primary projection, shape of loral stripe, and bill shape at tip. The species was only recently confirmed for Ecuador (Putnam et al., 2009; Freile et al., 2013). This record is the first for the entire Amazon basin (Van Gils et al., 2016).",
3,redpha1,Red Phalarope,Phalaropus fulicarius,L2761796,Esmeraldas,north of Las Peñas,2 December 2014,1,1.1,-79.15,0,NO_EBIRD,J. Nilsson.,"An adult in non-breeding plumage was observed in a marsh along the coast. There are very few inland and coastal records in Ecuador from Santa Elena peninsula (Haase, 2011). The species is more often seen at sea during pelagic trips (Ridgely & Greenfield, 2001), and primarily from Santa Elena peninsula and Isla de la Plata areas.",
3,chisku1,Chilean Skua,Stercorarius chilensis,L1764936,Santa Elena,La Chocolatera,7 August 2014,1,-2.189,-81.011,0,S19364840,R. Ahlman.,"A bird was observed migrating south in powerful, low flight, amidst a continuous passage of Sooty Shearwaters Ardenna grisea that were also migrating south. Identification was based on size, reddish tone to underparts, dark cap, and extent of white at the base of primaries (Olsen & Larssen, 1997). There is a single previous published record of a Stercorarius skua in Salinas, Ecuador, but it was not safely identified to species (Ridgely & Greenfield, 2001). This record was made by B. Haase at Salinas (Ridgely & Greenfield 2001), who considered it as unconfirmed (B. Haase, in litt. 2011). T. Seimola also reported a flyby S. chilensis from the Santa Elena, but further details have not yet been submitted. Further information is needed to confirm the status of S. chilensis in Ecuador, as well as that of other large skuas (South Polar S. maccormicki and Brown S. antarticus).",
3,lotjae,Long-tailed Jaeger,Stercorarius longicaudus,pelagic_off,Santa Elena,pelagic off Salinas,20 September 2014,1,-2.2,-81.216,0,S19913843,R. Ahlman,"A single adult was observed and photographed flying 5–8 m above the ocean, 10–15 km off the coast of Salinas, in rather fast and steady flight in a southward direction (Fig. 2b1). Another single immature was observed and photographed flying along the Napo River (Fig. 2b2). As far as we are aware, this unexpected inland record represents the first for the Amazon basin (Furness et al., 2016). These records provide the first documentation of the species in Ecuador, which was previously known only from a few observations from the Salinas area (Ridgely & Greenfield, 2001). Haase (2011) reported a washed-out specimen photographed at Mar Bravo, but not collected; photos of this specimen remain unpublished.",
3,lotjae,Long-tailed Jaeger,Stercorarius longicaudus,n_anangu,Sucumbíos,Río Napo,18 September 2008,1,-0.505,-76.401,c. 220,S4164009,C. Hesse,"A single adult was observed and photographed flying 5–8 m above the ocean, 10–15 km off the coast of Salinas, in rather fast and steady flight in a southward direction (Fig. 2b1). Another single immature was observed and photographed flying along the Napo River (Fig. 2b2). As far as we are aware, this unexpected inland record represents the first for the Amazon basin (Furness et al., 2016). These records provide the first documentation of the species in Ecuador, which was previously known only from a few observations from the Salinas area (Ridgely & Greenfield, 2001). Haase (2011) reported a washed-out specimen photographed at Mar Bravo, but not collected; photos of this specimen remain unpublished.",
3,hergul,Herring Gull,Larus argentatus,L3157728,Pichincha,"Aeropuerto de Quito, Tababela",20 Dec 2014,1,-0.108,-78.365,2350,S65091321,J. Nilsson,"A bird in first-winter plumage was first found at the reservoir west of Quito's Airport in Tababela (Fig. 2c). Given the complicated identification of large gulls and their age, a thorough study of the bird's plumage was made. Species identification was based on: 1) pale gray inner primaries forming a contrasting pale window against darker secondaries and outer primaries [separating it from all subspecies of Lesser Black-backed Gull L. fuscus, California Gull L. californicus, which has darker primaries with only a faint window, and Slaty-backed Gull L. schistisagus, which has pale webs on the outer primaries; see Howell & Dunn, 2007]; 2) dark markings on the tips of the inner webs of primaries 1-3; 3) smoky, uniform underparts, neck and mantle especially on mid-belly, without any obvious streaking, lining or spots; 4) undertail coverts broadly barred blackish, with thinner and paler off-white bars (separating it from other taxa in the Herring Gull complex, which normally has darker bars thinner than pale ones; this also rules out Slatybacked Gull and Western Gull L. occidentalis); 5) heavily barred uppertail coverts with fairly broad dark bars, with the darker bars being broader than the paler ones; 6) mainly dark blackish tail with some paler mottling on the outer web of the outermost rectrices; 7) black bill with pale base to the lower mandible; 8) mainly dark tertials with paler fringes/notches on the tips only; 9) dark smudgy brown on the mantle and lower neck, contrasting with paler head; 10) irregular pattern on the scapulars; 11) a hint of a darker bar on the greater coverts on one wing; 12) irregular pattern on the wing coverts (see Howell & Dunn, 2007). There is a single previous record of an adult-plumaged individual seen at the Napo River upstream of La Selva lodge on 13 February 1991 (Ridgely & Greenfield, 2001). A photograph of apparently the same individual, taken by J. M. Carrión at Cumbayá reservoir, was published by Cisneros-Heredia et al. (2015). These observations in the Quito area represent the first documented records for Ecuador. The photographed individual belonged to the North American Larus argentatus smithsonianus subspecies, which is often considered as a separate species from the European Herring Gull L. argentatus (Crochet et al., 2002).",
3,yebter2,Yellow-billed Tern,Sternula superciliaris,L3157728,Pichincha,"Aeropuerto de Quito, Tababela",10 November 2014,1,-0.108,-78.365,2350,NO_EBIRD,J. Nilsson,"An adult in non-breeding plumage was observed at the artificial reservoir west of the airport (Fig. 4f). This represents the first highland record for Ecuador (Ridgely & Greenfield, 2001). The species is a resident breeder of the Amazon lowlands, occurring up to 400 m along the Napo River (Ridgely & Greenfield, 2001). We are not aware of other records elsewhere in the Andes.",
3,blkter,Black Tern,Chlidonias niger,L1396083,Sucumbíos,Laguna de Limoncocha,28 May 2014,1,-0.39,-76.599,230,S18678990,R. Ahlman,"A sub-adult bird was seen and photographed at Laguna de Limoncocha (Fig. 4g). The species is considered as an uncommon to erratic transient in the country (Ridgely & Greenfield, 2001). This observation is likely the fourth record from Amazonian Ecuador, and the second from this locality (Tallman & Tallman, 1977; Freile et al., 2013).",
3,comnig,Common Nighthawk,Chordeiles minor,L2761969,Pichincha,Reservorio de Cumbayá,28 October 2014,10,-0.193,-78.427,2360,NO_EBIRD,J. Nilsson.,"Ten birds were observed flying back and forth high over a semi-urban creek with a mixture of vegetation and buildings. There are a few records of the species in Andean and western Ecuador, but it likely is semi-regular in the inter-Andean valleys around Quito (Ridgely & Greenfield, 2001). There is little information on numbers passing through Ecuador, but elsewhere it is known to migrate in flocks of up to 20–40 individuals (Cleere & Nurney, 1998). This record of 10 birds is likely the highest published count in Ecuador, with an additional flock of 13 individuals reported (Stotz, 2008) at Río Verde, Sucumbíos Province, in October 2008.",
3,shtnig1,Short-tailed Nighthawk,Lurocalis semitorquatus,Canelos_7,Pastaza,7 km N of Canelos,17 September 1996,1,-1.525,-77.761,700,NO_EBIRD,N. Krabbe,"A single bird was briefly observed and audio-recorded flying over a cultivated plot in a forested area. A later analysis of the audio recording (Krabbe, 1996b), revealed that it is attributable to the nominate subspecies. The voice matches other recordings of Lurocalis semitorquatus semitorquatus, being notably different from L. s. nattereri (Fig. 7), the only subspecies previously recorded in E Ecuador (Ridgely & Greenfield, 2001). Calls of L. s. nattereri are much longer (0.2–0.3 s) than that of L. s. semitorquatus (about 0.03–0.04 s) (Fig. 7). Voices of the nominate subspecies are very similar to those of western subspecies L. s. stonei and L. s. noctivagus (Moore et al., 2013; Fig. 7), but their occurrence in the Amazonian lowlands seems less likely. In the light of the Peruvian records (Schulenberg et al., 2007) of L. s. semitorquatus, we believe that this subspecies, and not trans-Andean L. s. stonei or L. s. noctivagus, is expected to occur in SE Ecuador. Lurocalis s. noctivagus has been synonymised with L. s. stonei by Cleere (2016). Notably, L. s. nattereri has been recorded at Kapawi (Krabbe, 1996a; 1996c), c. 150 km southeast of Canelos.",
3,parjac1,Paradise Jacamar,Galbula dea,tipischa,Sucumbíos,Tipischa,15 June 2014,3,0.295,-76.177,c. 300,S18812555,"D. Brinkhuizen, R. Ahlman and J. Nilsson","Up to three birds were observed and audio-recorded at primary forest edge along a road (Fig. 4h; Ahlman, 2014; Brinkhuizen, 2014). There are a few, scattered records of this species across the Ecuadorian Amazon, most of them concentrated in the Pastaza River basin, with additional records from the Lagartococha River in easternmost Sucumbíos Province (Ridgely & Greenfield, 2001). Its habitat preferences in Ecuador are not well known.",
3,scfpar1,Scarlet-fronted Parakeet,Psittacara wagleri,Catamayo_4,Loja,3–4 km S of Catamayo airport,15 March 2015,16,-4.05,-79.367,1200,S22501529,M. Lysinger,"A flock of up to 18 individuals was recorded in Acacia scrubland near the entrance road to El Tambo (Lysinger, 2015). According to local residents, the species regularly congregates at this site after sunrise and during the day. There are only a few confirmed records of P. wagleri in southern Ecuador, including observations in the Catamayo valley (Ridgely & Greenfield, 2001). Its status and distribution in Ecuador is poorly known, and the species is likely declining following extensive habitat disturbance and loss (Ribadeneira, 2002).",
3,swfgle,Slaty-winged Foliage-gleaner,Philydor fuscipenne,samana,Los Ríos,Samana,9-11 February 2011,8,-1.657,-79.323,700,NO_EBIRD,"J. Freile, F. Chiriboga and L. Rösiö.","Up to four pairs were observed and heard daily in secondary forest and forest borders, mainly attending mixed species flocks. The birds foraged actively on epiphytes along large branches, near tree trunks, and less often in dense foliage of terminal twigs. They often hung upside down or vigorously searched inside moss and epiphyte clumps. The species has become increasingly rare in Ecuador, where it has a small, fragmented and largely unprotected range (Ridgely & Greenfield, 2001; Freile, 2002). There are a few recent records, mostly from El Oro province. The nearest record comes from Puente de Chimbo, Chimborazo province, 63 km S from Samana (Chapman, 1926; Ridgely & Greenfield, 2001). The isolated Ecuadorian population might represent an undescribed, endemic taxon (Ridgely & Greenfield, 2001; Remsen, 2003).",
3,larela1,Large Elaenia,Elaenia spectabilis,L618326,Pichincha,"Botanical Garden, Quito",25 September 2014,1,-0.183333,-78.483333,2780,S143100818,D. Brinkhuizen,"A single individual was repeatedly observed from 25 September through 18 October 2014. It was active but elusive in treetops or inside shrubbery, and feeding on berries (Fig. 4i). This austral migrant has been recorded from a few localities in the eastern lowlands up to 600 m elevation (Ridgely & Greenfield, 2001). As far as we are aware, the Quito record represents the first for the high Andes (Hosner, 2016).",
3,slaela1,Slaty Elaenia,Elaenia strepera,tiputini,Orellana,Tiputini Biodiversity Station,19 March 2014,1,-0.638,-76.15,c. 235,NO_EBIRD,J. G. Blake and B. A. Loiselle,"A single bird was mist-netted and photographed in slightly hilly terra firme forest understory with a relatively open canopy at Tiputini Biodiversity Station (Fig. 1c). Owing to its two prominent ochraceous wing bars, it was identified as an immature bird (Schulenberg et al., 2007). This is the first record of the species in Ecuador, though not entirely unexpected (Ridgely & Greenfield, 2001). The species is known to breed in S Bolivia to NW Argentina and to winter in N Venezuela, with transient records in Amazonian Bolivia, Peru, and Colombia (Marantz & Remsen, 1991). Our record involves a northbound transient, given that the species likely migrates northwards through western Amazonia from mid March to late April (Marantz & Remsen, 1991).",
3,ligtyr1,Little Ground-Tyrant,Muscisaxicola fluviatilis,n_anangu,Sucumbíos,river island on Río Napo,12 July 2014,1,-0.505,-76.401,c. 220,NO_EBIRD,"R. Ahlman, D. Gualinga, F. Broulik and S. Magee","A single bird was observed and photographed at close range on a river island sandbar, littered with driftwood logs and debris (Fig. 5c). This sighting is the first record with photographic evidence for the country, as previous records involved birds observed along the same general area of the Río Napo (Ridgely & Greenfield, 2001). The species is presumably a non-breeding visitor to Ecuador, with only three additional records (Ridgely & Greenfield, 2001).",
3,grykin,Gray Kingbird,Tyrannus dominicensis,L2763256,Esmeraldas,Atacames bypass,2 December 2014,2,0.866,-79.833,50,S31698755,J. Nilsson,"Two birds were observed on 2 December 2014 and a single on 27 January 2015 at two sites along the Atacames bypass (Fig. 2d). The first two individuals were seen perching on wires along a road bordered by scattered trees and bushes. The second sighting, most likely one of the two individuals seen on 2 December 2014, was in fairly dense vegetation at low to mid heights, on a few occasions perching atop trees. This represents the first documented record of T. dominicensis for Ecuador, the only previous one being an observation from Puerto Pitahaya, El Oro province (Ridgely & Greenfield, 2001).",
3,rerfru1,Red-ruffed Fruitcrow,Pyroderus scutatus,cora,Carchi,El Corazón de Nuevo Mundo,17 November 2014,3,0.7,-78.133,1595,NO_EBIRD,V. E. Obando-Clavijo,"Three birds were observed in a Cecropia-dominated forest patch surrounded by pastureland (Fig. 5d). The birds were apparently consorting with a group of six Andean Cock-of-the-rocks Rupicola peruvianus. They were also vocalizing frequently, which suggests the presence of a lek. The western Andean slopes of Carchi Province are likely a stronghold for the species in Ecuador, given that most recent records come from the same general area, 16–20 km N of El Corazón de Nuevo Mundo (Freile et al., 2013).",
3,cliswa,Cliff Swallow,Petrochelidon pyrrhonota,L2761969,Pichincha,Reservorio de Cumbayá,7 October 2014,1,-0.193,-78.427,2360,S20058848,J. Nilsson,"One was observed perching on wires and flying low above water (Fig. 8). Its dark chestnut forehead indicates the subspecies Petrochelidon pyrrhonota melanogaster (Clements et al., 2015), previously known from a single record in Ecuador (Freile et al., 2013). Other subspecies are excluded by coloration of forehead and undertail coverts (Turner, 2004).",
3,blugrb1,Blue Grosbeak,Passerina caerulea,L468862,Napo,camino de Borja,15 March 2014,1,-0.45,-77.86,c. 1600,S17564247,R. Vickers,"A female was first reported at eBird (Vickers, 2014) and later submitted to CERO without details of habitat, behavior, weather conditions during observation, and time of the day (Fig. 5e). This is the third published record of the species in Ecuador and the first for the Andean slopes (Ridgely & Greenfield, 2001; Brinkhuizen et al., 2011).",
3,gowwar,Golden-winged Warbler,Vermivora chrysoptera,Pachijal_15,Pichincha,15 km between Pachijal-Guayabillas road,25 March 2015,1,0.203,-78.897,c. 700,NO_EBIRD,R. D. M. Edgar and J. C. Calvachi.,"A single male was observed moving rapidly and exploring undersides of leaves close to a Canada Warbler Cardellina canadensis at the forest edge. It is considered a rare boreal migrant to the country (Ridgely & Greenfield, 2001), with few records, the most recent being a female at Yanayacu, Napo Province, in 2012 (Freile et al., 2013); the closest locality is Mindo, were first seen in February 1981 (Ridgely & Greenfield, 2001). Due to the limited number of records and the species' recent population decline (Buehler et al., 2007), CERO encourages the submissions of all records in the country.",
3,mouwar,Mourning Warbler,Geothlypis philadelphia,L618326,Pichincha,"Botanical Garden, Quito",28 October 2014,1,-0.183333,-78.483333,2780,S20361572,D. Brinkhuizen,"One immature was seen on 28 October and one adult on 14 November 2014, mostly skulking low in dense bushes (Fig. 4j). This is the first record of the species in the Inter-Andean valleys of Ecuador, and the highest elevation recorded for the species (Curson, 2016). Otherwise, it is known from a few localities along the Andean subtropics, foothills, and adjacent lowlands, in Pichincha, Napo, Orellana, and Tungurahua provinces (Ridgely & Greenfield, 2001).",
3,babwar,Bay-breasted Warbler,Setophaga castanea,L2763260,Orellana,Río Bigal Biological Reserve,4 January 2014,1,-0.537,-77.425,900,NO_EBIRD,J. Freile,"A single bird was observed attending a mixed-species flock in the mid-story of secondary forest edge (Fig. 5f). Blackpoll Warbler Setophaga striata was the only other boreal migrant warbler detected in the same flock. Recent records of S. castanea from several new localities in northern Ecuador, including Cascada de San Rafael and Bermejo, in Napo and Sucumbíos provinces respectively, suggest that it may be a regular, but rare visitor here (Ridgely & Greenfield, 2001; Nilsson et al., 2014). Identification in non-breeding plumage from the very similar S. striata might be difficult, so CERO encourages documentation of sightings.",
4,horscr1,Horned Screamer,Anhima cornuta,L3225575,Los Ríos,"Puebloviejo, San Juan, ruta San Juan-Vinces",17 December 2011–12 January 2015,52,-1.5854,-79.5822,20,S23576025,D. Martínez and P. Gastezzi.,"Singles, pairs, and small groups were observed at five different sites around Puebloviejo and San Juan towns, and along the road from San Juan to Vinces (Martínez & Gastezzi, 2014). These authors further observed total of 52–57 individuals at two additional sites near Puebloviejo. These records are the first for the Los Ríos (Martínez & Gastezzi, 2014) and for the lowlands of Cotopaxi (Freile & Restall, 2018). This recent expansion of the known range of A. cornuta is most likely a reflection of incomplete sampling of the avifauna of these little explored regions, not a result of recent range expansion. ",
4,horscr1,Horned Screamer,Anhima cornuta,libertad,Cotopaxi,La Libertad near La Maná,October 2014,1,-0.9408,-79.2236,c. 220,NO_EBIRD,Xavier Zurita Freire,"The second record, at La Libertad, involves a single bird, recently injured by a shotgun, taken to a local veterinary clinic (Fig. 4a). These records are the first for the Los Ríos (Martínez & Gastezzi, 2014) and for the lowlands of Cotopaxi (Freile & Restall, 2018). This recent expansion of the known range of A. cornuta is most likely a reflection of incomplete sampling of the avifauna of these little explored regions, not a result of recent range expansion. ",
4,whcpin,White-cheeked Pintail,Anas bahamensis,L6073730,Carchi,laguna El Salado,9 July 2017,3,0.5827,-77.7886,2780,S38069818,W. Arteaga-Chávez and D. Togán,"Three adult birds were observed swimming in open water with a flock of Blue-winged Teal Anas discors (Fig. 3a). Additionally, a solitary individual was recently observed at Yaguarcocha, Imbabura Province, on 22 February 2018 (K. Terán & P. Imbaquingo, unpubl.). The number of records of this species from the Andes has steadily increased in recent years (Freile et al., 2013; see several recent sightings in https://ebird.org).",
4,andduc2,Andean Duck (andina),Oxyura jamaicensis andina,L659310,Imbabura,laguna de Yaguarcocha,4-6 September 2016,3,0.3666,-78.0833,2200,NO_EBIRD,"W. Arteaga-Chávez, D. Chulde, A. Andi, P. Molina, F. Cifuentes, E. Obando, S. Guerra and L. Calapi","Three males with white cheeks were observed swimming, resting, and preening in open water (Fig. 5a), not joining groups of the locally common subspecies O. jamaicensis ferruginea. Other records include one individual seen by W. Arteaga-Chávez at Lago San Pablo and two at Yaguarcocha, Imbabura Province, on 7 April 2018. Previous records were obtained by J. Nilsson and R. Ahlman at San Pablo in 2016 (Ahlman, 2016b) and further south, at Laguna Micacocha by R. Ahlman in April 2017 (Ahlman, 2017b). White cheeks, variable individually, make these individuals assignable to the subspecies O. j. andina, not previously recorded in Ecuador (Ridgely & Greenfield, 2001; McMullan & Navarrete, 2017, Arteaga-Chávez, in press.; but see below). It seems likely that this form is spreading south from central Colombia, but it remains to be determined if a local population is established (or establishing) in northern Ecuador, or if these individuals were only vagrants. The distribution of O. jamaicensis andina in Ecuador is currently under revision by W. Arteaga-Chávez (in press.). Co-occurrence of black-headed individuals assignable to O. j. ferruginea and white- cheeked ones assignable to O. j. andina in two localities in northern Ecuador is not novel because similar patterns are regular in the Central and Eastern Andes of Colombia (Fjeldså, 1986; Donegan et al., 2015), but still remarkable given the controversial taxonomic status of both forms (Madge & Burn, 1988; Livezey, 1995). Variation in cheek pattern is considerable throughout the range of O. j. andina (del Hoyo et al., 2018), suggesting that this region is an old, wide hybrid zone (a hybrid swarm; Fjeldså, 1986; Livezey, 1995). Consequently, the validity of subspecies O. j. andina has been questioned. Some authors consider it a valid subspecies of O. jamaicensis (Clements et al., 2017), while others regard it as a hybrid that justifies lumping O. jamaicensis and O. ferruginea as a single species, because andina acts as an intergraded form between white- cheeked jamaicensis and black-headed ferruginea (Fjeldså, 1986; McCracken & Sorenson, 2005; Muñoz- Fuentes et al., 2013; Donegan et al., 2015). Conversely, other authors suggest separating O. jamaicensis and O. ferruginea, but invalidate the subspecies andina due to its putative hybrid origin (Livezey, 1995; del Hoyo et al., 2018). The taxonomy of these taxa needs further clarification. ",
4,,Frigatebird sp.,Fregata sp,san_vi,Orellana,close to San Vicente on Río Napo,5 September 2016,1,-0.6946,-75.587,200,NO_EBIRD,J. Nilsson,"One adult male was observed soaring 50–500 m above ground, c. 1 hour by motorized canoe west of Tiputini (Fig. 3b). Identification to species was not possible due to light conditions and distance to the bird. This represents the first documented record of a frigatebird from the Ecuadorian Amazon, but there is an additional sight record of another unidentified frigatebird from 2010 by José Illanes (pers. comm.), upriver from Sani Isla.",
4,grefri,Great Frigatebird,Fregata minor,Manta_3,Manabí,3–5 km offshore Manta,22 March 2016,1,-1.1012,-81.0205,0,S28711203,"S. Howell, C. Parliament, D. Parliament, J. Gaetzi, P. Vranicar, F. Schmitt","One immature (third year) bird was observed flying low overhead (Fig. 2a). One observer (S. Howell) has extensive experience with frigatebird identification, and photographs allowed a careful study of key characters (Howell, 1994). This represents the first documented record in continental Ecuador, with a previous sighting (31 May 1987) from Roca Montañita, Santa Elena Province (Haase, 2011). It remains plausible that the species has been overlooked in continental Ecuador given the identification difficulties (Howell, 1994). Individuals with reddish legs have been observed in the mangroves of the San Lorenzo area, Esmeraldas province (J. Freile, A. Solano- Ugalde, F. Prieto & P. Moscoso, unpubl.). Leg colour has been considered a field mark (Howell, 1994), but some individuals observed at San Lorenzo were actually reddish-legged female Magnificent Frigatebirds Fregata magnificens. Further study of field characters in these two species is still needed. ",
4,jabiru,Jabiru,Jabiru mycteria,Penas_10,Esmeraldas,10 km N of Las Peñas,21 December 2016,1,1.0996,-79.15205,0,S33155886,C. Vogt,"A single bird was observed in a freshwater grassy marsh with large fern clumps (Fig. 3c). It remained standing on the ground with little movement but was flushed easily, moving large distances. After first sighting, it flew off and was seen again 2.5 km south and flushed easily once again. Seen and photographed the next day by R. Ahlman. This represents the first confirmed record from western Ecuador; there is one undocumented sighting from Manglares-Churute, Guayas Province (Freile & Restall, 2018).",
4,whiher1,Whistling Heron,Syrigma sibilatrix,L2763216,Sucumbíos,El Carmen de Putumayo,18 January 2017,1,0.118,-75.856,220,S33744100,"D. Jumbo, R. Ahlman","One adult bird observed and photographed (Fig. 2b) in open habitat; record first uploaded to eBird (Ahlman, 2017a), and later submitted to CERO by J. Freile. This represents the first documented record in Ecuador, where it was previously known from one unvouchered observation from El Puma, E of Coca, Orellana Province, along the Napo River (Mena & Jahn, 2003). There are a few more recent records, to be submitted to CERO, from the Amazon lowlands and northern Andes.",
4,punibi1,Puna Ibis,Plegadis ridgwayi,L1856443,Pichincha,laguna de Limpiopungo,3 January 2015,1,-0.62,-78.476,3660,S21331773,Y. Potaufeu,"One adult bird was seen wading in shallow water for 2 min, making its way to a small vegetation island (Fig. 1a). It was later relocated by R. Ahlman and R. Gelis on 13 January and observed by D. Brinkhuizen, C. Vogt and other observers until 15 January 2015. This represents the first record for Ecuador, 500 km north of the northernmost records in Peru (Schulenberg et al., 2007; Jiménez-Gonzales, 2018).",
4,bafibi1,Bare-faced Ibis,Phimosus infuscatus,L7790567,Carchi,Chilmá Bajo,10 March 2016,1,0.86667,-78.075,2070,S36924381,H. A. Pozo Ruano and J. M. Loaiza,"A single bird was observed feeding at muddy pastureland from 10 March 2016 through 3 December 2016, often associated with Southern Lapwing Vanellus chilensis and Spotted Sandpiper Actitis macularius (Fig. 3d). This is the first record west of the Andes in Ecuador, after an increasing number of records in the northeast lowlands (Freile et al., 2013; Freile & Restall, 2018). The species occurs along the Cauca valley of central Colombia (McMullan & Donegan, 2014), but likely spread to northwest Carchi across the Andes in the Carchi-Nariño region. An observation of five individuals below La Bonita, Sucumbíos Province (J.M. Loaiza, J.F. Freile & P. Molina, unpubl.), on 1 February 2016, partially supports our suggestion of trans-Andean spreading.",
4,lyhvul1,Lesser Yellow-headed Vulture,Cathartes burrovianus,Ballesteros,Orellana,Ballesteros,30 August–4 September 2016,1,-0.9644,-75.208,190,S31529084,J. Nilsson,"The first of these records involved at least four individuals (one adult, one juvenile, and two immatures) observed on a small river island in front of the military post at Ballesteros, in front of Nuevo Rocafuerte, and at the old airstrip east of Nuevo Rocafuerte. The second record involved one individual observed circling above a young river island near Añangu (Fig. 1b). The habitats involved in these records included the edge of mature Cecropia woodland, sparsely vegetated river islands, and open grassy fields bordered by secondary forest. Subsequent sightings have further documented the presence of this species in Ecuador, including two near the mouth of Guacamayu River by L. Navarrete et al. (Frost, 2017); and one in Derna area, 10 min down river from Coca and another individual near Añangu (Ahlman, 2017d). Even though Tallman & Tallman (1977) reported one sighting from Limoncocha, there have been no additional observations from the Napo River area since then. Ridgely & Greenfield (2001) regarded this early observation as dubious, but habitat changes might have facilitated the species recent colonisation from neighbouring Peru along the Napo River. ",
4,lyhvul1,Lesser Yellow-headed Vulture,Cathartes burrovianus,n_anangu,Orellana,river island near Añangu,14 December 2016,,-0.505,-76.401,c. 220,NO_EBIRD,N. Athanas,"The first of these records involved at least four individuals (one adult, one juvenile, and two immatures) observed on a small river island in front of the military post at Ballesteros, in front of Nuevo Rocafuerte, and at the old airstrip east of Nuevo Rocafuerte. The second record involved one individual observed circling above a young river island near Añangu (Fig. 1b). The habitats involved in these records included the edge of mature Cecropia woodland, sparsely vegetated river islands, and open grassy fields bordered by secondary forest. Subsequent sightings have further documented the presence of this species in Ecuador, including two near the mouth of Guacamayu River by L. Navarrete et al. (Frost, 2017); and one in Derna area, 10 min down river from Coca and another individual near Añangu (Ahlman, 2017d). Even though Tallman & Tallman (1977) reported one sighting from Limoncocha, there have been no additional observations from the Napo River area since then. Ridgely & Greenfield (2001) regarded this early observation as dubious, but habitat changes might have facilitated the species recent colonisation from neighbouring Peru along the Napo River. ",
4,y00678,Crested Caracara,Caracara cheriway,tufino,Carchi,Tufiño,16 June 2017,2,0.8003,-77.8553,2954,S44805363,G. Herrera-Villareal and W. Arteaga-Chávez,"Two individuals were observed for several weeks in the Ecoparque de Tufiño (Fig. 3e). The species is locally and sporadically found in the Andean valleys of northern Ecuador (Ridgely & Greenfield, 2001; Freile & Restall, 2018), but it remains to be determined if it was formerly a resident breeder that has drastically declined or if it only wanders into the northern Andean valleys (Ridgely & Greenfield, 2001). This record is also among the highest in elevation, but there are additional recent records from the northern Andes (Tellkamp, 2016, 2017; Ahlman, 2018b).",
4,astcra1,Ash-throated Crake,Mustelirallus albicollis,tipischa,Sucumbíos,1.3 km N Tipishca,10–11 December 2014,2,0.295,-76.177,c. 300,S140068137,R. Ahlman and D. Brinkhuizen,"Two birds were heard and audio-recorded in a marshy area with low grass vegetation, some open water, sparse bushes and small trees (Brinkhuizen, 2014; XC 206291). They responded to playback only at this site; trials at other sites with taller grass were unsuccessful. This is the second known locality for this species in Ecuador, where it was previously known only from Sacha Lodge, Orellana Province (Nilsson et al., 2014). One additional, more recent record, was obtained by R. Ahlman (in litt., September 2019) at El Carmen de Putumayo, Sucumbíos, where first recorded in May 2016. At this locality, at least two or three pairs are regularly heard within earshot.",
4,ruff,Ruff,Calidris pugnax,L2313890,Galápagos,"playa Cerro Brujo, San Cristóbal Island",2 August 2016,1,-0.7641,-89.45841,0,S65965125,O. Campbell,"A single adult male in non-breeding plumage was observed in a saline pool with dried mud, right behind the beach, feeding alone or in loose association with Black-necked Stilt Himantopus mexicanus (Fig. 2c). Distance to the photographed bird was 50–75 m. This represents the first documented record of C. pugnax from Galapagos and Ecuador, which was only recently published (Campbell, 2018). The only previous country record is an uncorroborated sighting in inner Guayas Province (R. Ahlman; see Freile & Restall, 2018). ",
4,belgul,Belcher’s Gull,Larus belcheri,L25277990,Santa Elena,Santa Rosa,25 September 2015,1,-2.211,-80.948,0,S141903022,D. M. Brinkhuizen,"One bird seen foraging on a rocky shore (Fig. 2d), loosely associated with other gulls, including Kelp Gull Larus dominicanus. Previously published records all pertain to undocumented observations (Ridgely & Greenfield, 2001; Haase, 2011), making the Santa Rosa photographs the first vouchered record in Ecuador. There are additional, more recent, records that will be revised by CERO in due course.",
4,kelgul,Kelp Gull,Larus dominicanus,L3157728,Pichincha,Tababela (Quito) Airport pond,13-22 January 2017,1,-0.108,-78.365,2350,S33650802,J. Nilsson,"One adult was observed in an artificial pond (Fig. 3f), representing the first record in the Andes of Ecuador and the highest record throughout its range (Howell & Dunn, 2007).",
4,hergul,Herring Gull,Larus argentatus,pedernales,Manabí,Pedernales-San Vicente road,13 February 2017,1,0.0306,-80.0922,4,S34354631,"M. Sánchez, T. Santander, E. Guevara and M. Ellis","One immature (second year) individual was observed in a shrimp pond near Pedernales (Fig. 4b). This is the third record in Ecuador and the first coastal record (Freile & Restall, 2018) of the L. argentatus smithsonianus subspecies, which is often regarded as a separate species (Crochet et al., 2002).",
4,incter1,Inca Tern,Larosterna inca,L1345621,Galápagos,Daphne Major,20 Juillet 2008,1,-0.4248,-90.3671,0,S11093495," J. C. Manosalvas and G. Jiménez-Uzcátegui; Punta Cormorant (Floreana) and Punta Moreno (Isabela), C. Carrión; Puerto Baquerizo Moreno (San Cristóbal), A. Villa; Gardner Bay (Española) and Punta Pitt (San Cristóbal), L. D. Dejean, E. Stucki, C. Larrea, D. Degel, G. Loza, C. King and S. Estupiñan (photos).","The first of these records in Galápagos involves a solitary adult seen and photographed on the rocky shores of Daphne Major in 14 August 2008, where it was seen again 3 days later (Fig. 6a). This record was published, albeit without voucher photos (Jiménez-Uzcátegui & Manosalvas, 2010). Two subsequent records were obtained by naturalist guides, first involving possibly the same bird first seen in Punta Cormorant (Floreana) and later in Punta Moreno (Isabela) on an unspecified date in 2011 by C. Carrión; and another individual seen at Puerto Baquerizo Moreno (San Cristóbal) on an unspecified date in 2015 by A. Villa (both pers. comm. to G. Jiménez-Uzcátegui). More recently, a single bird in adult plumage was first located by L. D. Dejean when it landed on a boat’s deck near Gardner Bay, Española, on 2 April 2017 (Fig. 6b). The bird remained the whole day and was later seen at other locations throughout the central and southwest islands (Punta Pitt and Puerto Baquerizo Moreno, San Cristóbal; Punta Suárez, Española; Puerto Ayora, Santa Cruz) until late April 2017. These records are the first documented for the Galápagos Archipelago, but one earlier record, supported with a photograph, is available in eBird (Megyesi, 2015). Another record, though unvouchered, is also available (Jaramillo, 2008). ",
4,leater1,Least Tern,Sternula antillarum,L787523,Santa Elena,Ecuasal Mar Bravo,3 September 2016,1,-2.246064,-80.94171,0,NO_EBIRD,B. Haase,"One immature was photographed (Fig. 2e) perched on a sandy ditch amongst a flock of waders. There are a few unvouchered records in coastal Ecuador between August and November (Ridgely & Greenfield, 2001; Haase, 2011). The first published photograph taken in Ecuador (B. Haase, pers. comm., 2018) appeared in Haase (2011), but it was not labeled as taken in Ecuador. The 2016 record was submitted to CERO without a supporting form, and will also be published in due course along with five additional records, three supported with photos (B. Haase, pers. comm., 2018).",
4,ampkin1,American Pygmy Kingfisher,Chloroceryle aenea,L468896,Pichincha,Bellavista Reserve,26 July 2017,1,-0.01518,-78.6889,2250,NO_EBIRD,"D. Becker, K. Shaw","One adult female was mist-netted, measured, and photographed (Fig. 3g) inside mature forest, not in close proximity to any body of water. The species has been recorded mainly below 400 m elevation in the Pacific lowlands (Freile & Restall, 2018), with a few records from the foothills and lower slopes (i.e., Tinalandia, Mindo valley; Ridgely & Greenfield, 2001) and an exceptional record in Quito (Nilsson et al., 2014).",
4,moupuf1,Moustached Puffbird,Malacoptila mystacalis,oscuro,Carchi,"Cerro Oscuro, Dracula Reserva near Chical",11 August 2017,4,0.94442,-78.19845,1200–1400,S39838795,"J. M. Loaiza, J. C. Crespo and A. Boas","Up to four birds (two pairs) were heard and observed at two sites, the first pair in a riparian secondary forest with fairly open understorey, at 1,200 m a.s.l., and the second in a mature forest ridge with dense understorey, at 1,400 m (Loaiza et al., 2019). These records are supported by photographs, audio-recordings and video (Fig. 1c), and represent the first records of the species in Ecuador, but Chical is less than 40 km south of the nearest locality in Colombia (Reserva La Planada, Nariño department; Loaiza et al., 2019). This discovery is not entirely unexpected (Ridgely & Greenfield, 2001).",
4,asbant1,Ash-breasted Antbird,Myrmoborus lugubris,nuevo,Orellana,river islands near Nuevo Rocafuerte,30 August–4 September 2016,1,-0.92105,-75.3866,190,S31529084,J. Nilsson,"Found as a relatively common species on four different river islands with mature forest between Nuevo Rocafuerte and the border with Peru, in fairly dense to somewhat more open undergrowth (Fig. 4c). It was previously known from a single island near the mouth of the Río Aguarico on the Río Napo (Ridgely & Greenfield, 2001).",
4,yeofly1,Yellow-olive Flatbill,Tolmomyias sulphurescens,L882540,Sucumbíos,Sacha Lodge,20 February 2015,4,-0.47506,-76.459,230,NO_EBIRD,D. Lane,"At least four individuals were heard and seen in river edge forest of medium height (Fig. 5b, Lane, 2015a; XC 214585, 214587). They generally perched at mid-levels and in understory, as well as around openings at the lodge’s river-edge landing area. First noticed when four birds were interacting, either two territorial pairs or family members. They responded territorially to playback of their own vocalizations. The next day, a pair was encountered in understory, but after playback, the presumed male sang from the upper mid-story. Photos are uploaded at the observer’s personal online archive https://www.flickr.com/photos/ 8013969@N03/16417378107/in/photostream/. This represents the first record of T. sulphurescens in the Amazonian lowlands of Ecuador, since the species has previously been reported in the east Andean foothills to subtropics (subspecies T. s. confusus and T. s. peruvianus) and western lowlands to subtropics (subspecies T. s. aequatorialis; Freile & Restall, 2018). Plumage and vocal characters of birds in the Amazon lowlands correspond to subspecies T. sulphurescens insignis, previously known from riparian habitats in Loreto Department, northeast Peru, and adjacent western Brazil (Clements et al., 2017). Contra Schulenberg & Parker (1997), T. sulphurescens insignis concurs with Orange-eyed Flycatcher T. traylori in the Napo region, including records in Sacha Lodge and possibly other localities along the Río Napo. It seems plausible that these two taxa segregate by habitat when syntopic. A thorough assessment of geographic variation in T. sulphurescens might reveal that several subspecies, including T. s. insignis, deserve species status (Ridgely & Greenfield, 2001; Fitzpatrick et al., 2004).  ",
4,cattyr,Cattle Tyrant,Machetornis rixosa,L471722,Sucumbíos,Río Napo in front of La Selva Lodge,13 January 2004,1,-0.416,-76.133,250,NO_EBIRD,"D. Lane, G. Rosenberg","One adult was observed on a sandbar in the Río Napo (Fig. 4d). Although the species is now well-established and likely spreading following deforestation, first records date back to the early 2000s (Ridgely & Greenfield, 2006). This early record from a sandbar along the Napo might suggest that the species is expanding its range along the Napo from northern Peru. However, there are no records along this river in northern Peru, but an increasing influx of records in the southern Colombian Amazon (eBird, 2018), which suggests it as the actual immigration pathway. Furthermore, one bird was seen perching temporarily at the canopy walkway of Sacha Lodge (Lilley, 2019), suggesting that M. rixosa is able to disperse over vast tracts of forest.",
4,swafly1,Swainson’s Flycatcher,Myiarchus swainsoni,L882540,Sucumbíos,Sacha Lodge,22 January 2010,7,-0.47506,-76.459,230,NO_EBIRD,D. Lane,"Several birds were seen and heard along open lake edges with stands of arum and palms (Fig. 5c, Lane, 2010; XC 257112, 257113). The species is a year-round breeding resident in Sacha Lodge, as indicated by calls of recently fledged juveniles available in Moore et al. (2013) and regular territorial singing. However, no nests have yet been found. Additional recordings from the same locality are available in Xeno-Canto (Lysinger, 1995; XC 260956, 260957; Lane, 2015b; XC 214547), as well as from nearby Añangu (Moore, 2005; XC 258958). Photos have been uploaded at the observer’s personal online archive (https://www.flickr.com/photos/8013969@N03/16598858736/in/photostream/). The species was previously known as an austral migrant to Amazonian Ecuador, found from April through September, with two subspecies recorded (M. s. ferocior and M. s. swainsoni) (Ridgely & Greenfield, 2001; Freile & Restall, 2018). These two subspecies have largely pale mandibles, and M. s. ferocior has a distinctly masked appearance (Freile & Restall, 2018). Slight plumage and soft part color differences suggest that M. s. phaeonotus is the subspecies breeding in Ecuador. This subspecies ranges mainly in southeast Venezuela, western Guyana, and northern Brazil (Fitzpatrick et al., 2004), with the closest records in Amazonas State, Brazil (B. M. Whitney, unpubl.) and Mitu Department, Colombia (Spencer, 2011). It remains to be determined if breeding birds in Amazonian Ecuador (and likely Colombia and northern Peru) are actually M. s. phaeonotus or an undescribed cryptic taxon. Until its status is further investigated, we accept this record as M. s. phaeonotus.  ",
4,warvir,Warbling Vireo,Vireo gilvus,L618326,Pichincha,"Botanical Garden, Quito",11 April 2017,1,-0.183333,-78.483333,2780,S35871298,R. Ahlman,"A single bird was first heard calling and latter observed and photographed (Fig. 1d). It responded to playback of its own calls, initially audio-recorded, with a soft 'tchep' call and readily approached for photographs (Ahlman, 2017c). It also responded to playback of calls of the nominate V. g. gilvus subspecies from eastern North America, and not to the western subspecies (R. Ahlman, in litt., September 2019). Observations lasted from 7h45 through 8h20, when the bird flew south and was not seen again. This unexpected record is the first for Ecuador and South America, and the southernmost record of the species in the Neotropics (Ridgely & Tudor, 2009; Brewer, 2018). Two unvouchered records from Venezuela are reported in eBird (Hernández-Vidal, 2000).",
4,soumar,Southern Martin,Progne elegans,tiputini,Orellana,Tiputini,29–31 August 2016,3,-0.8078,-75.523,200,S31532757,J. Nilsson.,"Three adult males, two adult females, and one immature were observed flying and perched on a tall tower at Tiputini village, on the northern bank of the Río Napo. Although there are few records to date (Freile & Restall, 2018), the species is possibly a regular annual visitor to Amazonian Ecuador. There is also a small wintering population at El Carmen de Putumayo, Sucumbíos, were first found by R. Ahlman in mid-May 2016 (Ahlman, 2016a). The paucity of records, however, makes it desirable to get additional reports in order to understand the species’ status and seasonality in the country.",
4,cliswa,Cliff Swallow,Petrochelidon pyrrhonota,L3157728,Pichincha,Tababela (Quito) Airport pond,21 September 2015,2,-0.108,-78.365,2350,NO_EBIRD,J. Nilsson,"Two adult birds with chestnut fronts were observed, photographed and carefully studied while perching on the ground together with Barn Hirundo rustica, Bank Riparia riparia and Blue-and-white Pygochelidon cyanoleuca swallows, as well as a few individuals of P. pyrrhonota with white fronts. Dark chestnut/rufous forehead, similar in tone to throat and sides of head, was noticed in both individuals, and clearly separated them from other whitish/pale fronted individuals seen at the same site (most likely nominate subspecies); these pale-fronted birds were larger than the two chestnut-fronted individuals. One additional record of a chestnut-fronted P. pyrrhonota was obtained by R. Ahlman at Lago San Pablo on September 2018 (Ahlman, 2018a). These birds might represent either subspecies P. pyrrhonota melanogaster, which is the subspecies to which chestnut-fronted birds seen in Ecuador have previously been assigned (Freile et al., 2013; 2017), or P. p. tachina since some individuals of this subspecies might show dark foreheads, yet somewhat paler than throat and sides of head (Sibley, 2014). Until specimens of chestnut-fronted birds are collected or larger series of photographs obtained, Ecuadorian records could not be assigned with certainty to subspecies P. p. melanogaster or P. p. tachina. ",
4,biccon1,Bicolored Conebill,Conirostrum bicolor,Ballesteros,Orellana,river island close to Ballesteros,30 August 2016,2,-0.9644,-75.208,190,S31529084,J. Nilsson.,"One pair was observed in a fairly young successional Cecropia stand on a small river island along the Río Napo. The birds were feeding in the subcanopy, often hanging upside down on the underside of Cecropia leaves. This is the third locality for the species in Ecuador, all confined to river islands in the Río Napo (Nilsson et al., 2014; Freile & Restall, 2018).",
4,rebbla1,Red-breasted Meadowlark,Sturnella militaris,vinillos,Napo,Vinillos,30 April 2016,1,-0.605,-77.8416,2100,NO_EBIRD,A. Solano-Ugalde.,"One adult male was observed perching in low grasses and walking on the ground. Vinillos represents the highest elevation known in Ecuador, but the species is likely spreading following deforestation both in the northwest lowlands (Olmstead et al., 2011) and eastern Andean slopes (i.e., a small resident population exists in Borja, 18 km north of Vinillos).",
5,origoo1,Orinoco Goose,Oressochen jubatus,clay_licks,Orellana,"near Yasuní National Park’s clay licks, on the south bank of Río Napo ",15 January 2015,2,-0.52736,-76.3776,220,S21308503,P. Petrus,"Two birds were observed and photographed on a sandy river bank (Fig. 5a; Petrus, 2015). There are few records of this species in Ecuador, mostly confined to the lower portion of the Río Pastaza (Freile & Restall, 2018), with even sparser records along the Río Napo, the last known to us dating back to 1992–1993 (L. Navarrete, pers. observ.). There is one exceptional record at Ecuasal Pacoa, of a single individual observed by B. Haase on an undetermined date between 1992–1995 (B. Haase, in litt., July 2020).",
5,cintea,Cinnamon Teal,Spatula cyanoptera,L5220463,Imbabura,Lago San Pablo,4 January 2017,1,0.2183,-78.2351,2660,S33436469,C. Vogt,"One adult male was observed and photographed (Fig. 5b; Vogt, 2017) at a water treatment pond adjacent to Lago San Pablo. As the drake is shown swimming with its belly submerged, we cannot determine with 100% certainty whether it belongs to the boreal migrant subspecies Spatula cyanoptera septentrionalium or the very rare and declining Andean subspecies S. c. borreroi. The latter subspecies differs from the former by its large blackish spots mainly on the belly. However, the visible portion of the lower breast is plain cinnamon, suggesting that it belongs to the boreal migrant subspecies (Fjeldså & Krabbe, 1990); the January date also fits for a boreal migrant. The Andean subspecies is considered extinct in Ecuador (Freile et al., 2019b), where it presumably bred (Fjeldså & Krabbe, 1990). The number of records of S. cyanoptera in Ecuador has increased steadily in recent years (Camacho & Wilson, 2011; Freile et al., 2013; Nilsson et al. 2014; Haase, 2019), all pertaining to boreal/austral migrants or vagrants. ",
5,norpin,Northern Pintail,Anas acuta,L2761796,Esmeraldas,Las Peñas,24 November 2016,2,1.1,-79.15,0,S32695576,R. Ahlman,"The Las Peñas record involved two adults of undetermined sex observed and photographed resting on a muddy bank, along with other migratory waterfowl and waders (Fig. 5c). The La Segua record involved a single adult observed one month later, swimming in open water (Ahlman, 2016). This boreal species was recorded for the first time in Ecuador as recently as June 2012 (Freile et al., 2013). Ecuador’s southernmost record corresponds to a female photographed by E. Reyes at Pacoa (Haase, 2019).",
5,norpin,Northern Pintail,Anas acuta,L2034603,Manabí,La Segua,30 December 2016,1,-0.713,-80.201,2,S33288703,R. Ahlman,"The Las Peñas record involved two adults of undetermined sex observed and photographed resting on a muddy bank, along with other migratory waterfowl and waders (Fig. 5c). The La Segua record involved a single adult observed one month later, swimming in open water (Ahlman, 2016). This boreal species was recorded for the first time in Ecuador as recently as June 2012 (Freile et al., 2013). Ecuador’s southernmost record corresponds to a female photographed by E. Reyes at Pacoa (Haase, 2019).",
5,gregre1,Great Grebe,Podiceps major,La_Tembladera,El Oro,La Tembladera,12 June 2015,1,-3.4904,-79.9967,13,S23881306,"A. Solano-Ugalde, J. Freile, M. Sánchez-Nivicela, R. Ahlman","A single adult of undetermined sex was observed and photographed (Fig. 5d) in calm water at Isla de la Plata’s arriving bay, where water is calm (Wilcox, 2017). The La Tembladera record involved one adult male photographed once, and observed during the remainder of the day swimming and diving in open waters at the eastern end of this freshwater wetland. There are previous published records from La Tembladera (Pozo-Zamora et al., 2015). The number of records of P. major in Ecuador has increased in recent years, even though it was first observed as recently as 2005 (Haase, 2011). Most records have involved non-breeding individuals, but breeding has now been reported at Tahuín dam, El Oro province (Pozo-Zamora et al., 2015). ",
5,gregre1,Great Grebe,Podiceps major,L11369966,Manabí,Isla de la Plata,17 December 2017,1,-1.2687,-81.0652,0,S41170534,B. Wilcox,"A single adult of undetermined sex was observed and photographed (Fig. 5d) in calm water at Isla de la Plata’s arriving bay, where water is calm (Wilcox, 2017). The La Tembladera record involved one adult male photographed once, and observed during the remainder of the day swimming and diving in open waters at the eastern end of this freshwater wetland. There are previous published records from La Tembladera (Pozo-Zamora et al., 2015). The number of records of P. major in Ecuador has increased in recent years, even though it was first observed as recently as 2005 (Haase, 2011). Most records have involved non-breeding individuals, but breeding has now been reported at Tahuín dam, El Oro province (Pozo-Zamora et al., 2015). ",
5,pershe2,Peruvian Sheartail,Thaumastura cora,jimbura,Loja,3 km west of Jimbura,12 June 2018,1,-4.6134,-79.472,2250,S46501422,"R. Ahlman, D. Jumbo","One adult male and one adult female were observed in a patch of semi-humid scrub surrounded by degraded land (Fig. 2a; Ahlman, 2018b). This observation represents the first documented Ecuadorian record, where a single previous sighting in presumably similar habitat existed (Ridgely & Greenfield, 2001). Two adult males and one female-plumaged bird were observed at the same scrub patch on 21 April 2019 by J. Freile and B. Tinoco (Tinoco, 2019), and on 24 May 2019 by D. Pacheco and A. Carrasco (Pacheco, 2019), with additional recent records from the same general area (eBird, 2020).",
5,amahum1,Amazilia Hummingbird,Amazilia amazilia,L481261,Zamora Chinchipe,Copalinga,10 November 2017,1,-4.0915,-78.9581,950,NO_EBIRD,A. Solano-Ugalde.,"One adult was observed feeding on Stachytarpheta (Verbenaceae) flowers and then being actively chased away by one Sparkling Violetear Colibri coruscans. There are a handful of additional records of this species from Copalinga, in December 2007 and November 2011 (as reported in the submission form; Fig. 4a), and March 2012 (Geoffray, 2012) and October 2015 (Hertzog, 2015). There are very few previous records from the eastern slope of the Andes, including observations above Zamora and nearby Sabanilla (Ridgely & Greenfield, 2001). These records may have involved wanderers from nearby highlands. Although most previous records do not indicate subspecific identity, the photographic record from 2011 corresponds to A. amazilia alticola, which ranges in the drier valleys and highlands of Loja and El Oro provinces. Amazilia a. alticola was suggested to be a separate species by Weller (2000), but this possibility was rejected by Krabbe & Ridgely (2010). The species is transferred to the genus Amazilis by Remsen et al., (2020). ",
5,limpki,Limpkin,Aramus guarauna,L4815097,Pichincha,Reserva Mashpi Shungo,18 September 2017,1,0.1824,-78.91215,520,NO_EBIRD,A. Solano-Ugalde ,"A single individual was observed at a fish pond in Mashpi Shungo, where it remained for c. 1 week before departing (Fig 4b). Additionally, one adult was observed in tall marshy grassland adjacent to the Nangaritza River, on the outskirts of Paquisha (Fig. 4c). These records are the highest in elevation (520 and 820 m a.s.l., respectively) known to date, on either slope of the Andes, and fall outside the core distributional range of this species that, notwithstanding, is highly prone to wandering (Freile & Restall, 2018). This species might be spreading towards the northern lowlands and Andean foothills of western Ecuador, considering the number of recent records (eBird, 2020).",
5,limpki,Limpkin,Aramus guarauna,L2209138,Zamora Chinchipe,Paquisha,20 July 2017,1,-3.9326,-78.6764,820,S44652620,F. Castillo,"A single individual was observed at a fish pond in Mashpi Shungo, where it remained for c. 1 week before departing (Fig 4b). Additionally, one adult was observed in tall marshy grassland adjacent to the Nangaritza River, on the outskirts of Paquisha (Fig. 4c). These records are the highest in elevation (520 and 820 m a.s.l., respectively) known to date, on either slope of the Andes, and fall outside the core distributional range of this species that, notwithstanding, is highly prone to wandering (Freile & Restall, 2018). This species might be spreading towards the northern lowlands and Andean foothills of western Ecuador, considering the number of recent records (eBird, 2020).",
5,soulap1,Southern Lapwing,Vanellus chilensis,L2209138,Zamora Chinchipe,Paquisha,5 August 2017,8,-3.9326,-78.6764,820,S44652620,F. Castillo,"Up to eight individuals dwell at various sites in and around Paquisha, suggesting a small established population in this recently colonized location. It seems unlikely that this vocal and conspicuous species might have remained overlooked in the area (Ridgely & Greenfield, 2001), and in fact, there were no records along the Río Nangaritza drainage until at least 2012 (Freile et al., 2014). The Paquisha outpost is representative of the rapid spread of this species into the Amazonian foothills of Ecuador (Ridgely & Greenfield, 2001; McMullan & Navarrete, 2017; Freile & Restall, 2018). This species is also rapidly spreading throughout the Pacific lowlands and locally up into the Interandean valleys (Freile & Restall, 2018). There are a handful of more recent (2017– 2020) records from the Río Zamora and Río Upano basins in southern Ecuador (eBird, 2020), including a record that predates the one reported to CERO by F. Castillo (Rasmussen, 2017).",
5,rubsee2,Rufous-bellied Seedsnipe,Attagis gayi ,volcan_chiles,Carchi,southern part of Volcán Chiles,12 April 2018,2,0.8059,-77.9349,4282,NO_EBIRD,E. Taimal,"One pair was observed at close range in a transitional habitat between paramo and barren rocky areas with sparse vegetation (Fig. 4e). This represents the northernmost record of this species in the Andes (Fjeldså & Krabbe, 1990), 90 km north of its nearest known locality (Volcán Cayambe). Attagis gayi is represented in Ecuador by the highly isolated, endemic subspecies A. gayi latreillii (Fjeldså & Krabbe, 1990; Freile & Restall, 2018). Volcán Chiles is situated on Ecuador’s border with Colombia. Thus, the species undoubtedly occurs on its Colombian slopes as well.",
5,lotjae,Long-tailed Jaeger,Stercorarius longicaudus,L1764936,Santa Elena,La Chocolatera,6–7 November 2015,3,-2.189,-81.011,0,S25723145,R. Ahlman.,"Three individuals were observed on 2 consecutive days; two adults and one dark-morph juvenile on November 2015, and one dark-morph juvenile on October 2017. Two of the jaegers were harassing or obtaining prey on one occasion (Ahlman, 2015c). Details provided by the author are brief, but the description of small size, slender shape, white shafts on outer primaries, rather short bill, and two-toned upperparts are adequate to rule out Parasitic Jaeger Stercorarius parasiticus, which was also observed (Ahlman, 2015c; 2015d; 2017). There are few records of S. longicaudus from coastal Ecuador, including previous observations at La Chocolatera (Freile & Restall, 2018) and the Santa Elena peninsula area (Haase, 2011), where the first documented record from mainland Ecuador was obtained by R. Ahlman in September 2014 (Freile et al., 2017). ",
5,belgul,Belcher’s Gull,Larus belcheri,L600355,Manabí,Puerto López,19 November 2017,1,-1.56194,-80.8164,0,S43126966,"S. M. Plúa, A. Plaza","One adult in breeding plumage was observed and photographed at Puerto López on the beach near the fish market (Fig. 5e). Another adult in non-breeding/basic plumage was photographed in a sandy ditch at Ecuasal Mar Bravo (Fig. 5f; Bourdin, 2018). The species has been recorded in Ecuador in September, November, January, May, and June (Haase, 2011; eBird, 2020). The number of records has increased in recent years (Haase, 2019), but the Puerto López individual is the first reported in breeding/alternate plumage. The species has not been found breeding in Ecuador to date.",
5,belgul,Belcher’s Gull,Larus belcheri,L787523,Santa Elena,Lagunas de Ecuasal at Mar Bravo,24 June 2018,1,-2.246064,-80.94171,0,S46770858,P. Bourdin,"One adult in breeding plumage was observed and photographed at Puerto López on the beach near the fish market (Fig. 5e). Another adult in non-breeding/basic plumage was photographed in a sandy ditch at Ecuasal Mar Bravo (Fig. 5f; Bourdin, 2018). The species has been recorded in Ecuador in September, November, January, May, and June (Haase, 2011; eBird, 2020). The number of records has increased in recent years (Haase, 2019), but the Puerto López individual is the first reported in breeding/alternate plumage. The species has not been found breeding in Ecuador to date.",
5,brnnod,Brown Noddy,Anous stolidus,L1822985,Esmeraldas,off Punta Galera,24 February 2016,3,0.81627,-80.0471,0,S26191085,"R. Ahlman, D. Jumbo","Three adults were observed and one of them photographed (Fig. 4f) on a pelagic day trip off Punta Galera. Another individual was observed from shore on 23 February 2016 at Same, Esmeraldas by the same observers, who also report a sight record from December 2015 at Punta Galera. Previously recorded from Santa Elena peninsula only (Camacho & Torres, 2011; Haase, 2019) in February (contra Freile & Restall, 2018), with 17 individuals reportedly observed in 2010–2019 from La Chocolatera by Haase (2019). Camacho & Torres (2011) identified the bird they observed as probable A. s. galapagensis, due to its dark brown plumage with a paler, but not well-defined forecrown and grayish-brown rearcrown. However, the noddies observed at Punta Galera might correspond to A. s. ridgwayi, which is warmer brown, with a more contrasting whitish crown and paler forecrown (Howell & Zufelt, 2019). This record would represent the first record of A. s. ridgwayi in Ecuadorian waters, but further documentation is needed to confirm it. This subspecies likely breeds on the Malpelo Islands, Colombia (López-Victoria & Estela, 2007), c. 380 km north-northwest of Punta Galera.  ",
5,blknod,Black Noddy,Anous minutus,L1764936,Santa Elena,La Chocolatera,7 July 2015,1,-2.189,-81.011,0,S24179413,R. Ahlman,"One individual was observed between 6h45–8h35 near the rocky coast, momentarily joining a large feeding aggregation of seabirds (Fig. 2b). There is one previous record of a dark noddy from the Santa Elena peninsula area, first published with unconfirmed identification (Haase, 2011), but later identified as Anous minutus (Haase, 2019). The July 2015 record becomes the second record of the species and first documented evidence for Ecuador (cf. Ahlman, 2015b).",
5,comter,Common Tern,Sterna hirundo,L659310,Imbabura,Laguna Yaguarcocha,24 November 2018,1,0.3666,-78.0833,2200,S50180249,"E. Obando, J. Meneses, M. Aragón","One bird in non-breeding plumage was observed distantly in the early morning and was later relocated and photographed after a considerable closer approach (Fig. 4g). It was resting on a buoy only 20 m from an Elegant Tern Thalasseus elegans (see below). There are few inland records of Sterna hirundo in Ecuador, this one being the first in the Ecuadorian Andes and the highest in elevation (Freile & Restall, 2018) at 2200 m a.s.l. It is also the only record in the entire Andean cordillera known to us (eBird, 2020).",
5,eleter1,Elegant Tern,Thalasseus elegans,L659310,Imbabura,Laguna Yaguarcocha,24 November 2018,1,0.3666,-78.0833,2200,S50180249,"E. Obando, J. Meneses, M. Aragón","One individual in non-breeding plumage was observed near the S. hirundo reported above (Fig. 4h). It was first observed flying over a Cattle Egret Bubulcus ibis breeding colony and later perched on a buoy, where it was photographed. This is the first documented record of Thalasseus elegans in the Andes of Ecuador (Freile & Restall, 2018), but there is one additional record with no date or locality details (Ridgely & Greenfield, 2020). As far as we are aware, this is the first documented record from the entire Andes.",
5,santer1,Sandwich Tern,Thalasseus sandvicensis,L580241,Orellana,c. 10–15 km downriver from Coca on the Río Napo,8 January 2018,1,-0.444,-76.7323,275,S42142497,B. Nooner,"One adult in non-breeding plumage was observed and photographed flying close to sand bars in the middle of the river at 14h30 (Fig. 4i; Nooner, 2018). This is the first record from Amazonian Ecuador (Freile & Restall, 2018) and, as far as we know, from the entire inner Amazon basin (eBird, 2020).",
5,sunbit1,Sunbittern,Eurypyga helias,L7961580,Napo,Río Quijos Ecolodge,21 October 2018,1,-0.3925,-77.81619,1500,S49354289,C. A. Vásquez,"One bird was photographed walking over boulders on the Río Quijos (Fig. 4j). This record, at c. 1500 m a.s.l., is one of the highest in elevation from eastern Ecuador (Freile & Restall, 2018; Cadena-Ortiz et al., 2018). The photographed bird belongs to the subspecies Eurypyga helias meridionalis (grayish back and upperwing coverts), a foothill subspecies only recently observed for the first time in Ecuador in 2008 (Freile et al., 2013) and known from just two additional localities (Freile & Restall, 2018; Cadena-Ortiz et al., 2018). The fact that this form maintains its integrity despite being possibly in contact with the nominate form of the Amazonian lowlands suggests that it might deserve species status, but more information is needed to determine whether these two subspecies actually overlap.",
5,wfspet,White-faced Storm-Petrel,Pelagodroma marina,espan,Galápagos,near Española Island coast to the north,15 June 2018,1,-1.3391,-89.657,0,S46634616,A. Jaramillo,"Two separate individuals were seen in pelagic waters between San Cristóbal and Española (Figs. 5g, 5h). There are few Galápagos records, where the species is considered as vagrant (Wiedenfeld, 2006; McMullan & Navarrete, 2017). The paucity of records might be explained partially by poor knowledge of oceanic birds and limited pelagic observation activity (Wiedenfeld, 2006). Dates suggest non-breeding austral visitors (Howell & Zufelt, 2019).",
5,wfspet,White-faced Storm-Petrel,Pelagodroma marina,L1601648,Galápagos,pelagic between San Cristóbal and Española,12 July 2014,1,-1.11623,-89.6547,0,S19621340,A. Bruun Kristensen,"Two separate individuals were seen in pelagic waters between San Cristóbal and Española (Figs. 5g, 5h). There are few Galápagos records, where the species is considered as vagrant (Wiedenfeld, 2006; McMullan & Navarrete, 2017). The paucity of records might be explained partially by poor knowledge of oceanic birds and limited pelagic observation activity (Wiedenfeld, 2006). Dates suggest non-breeding austral visitors (Howell & Zufelt, 2019).",
5,maspet,Markham’s Storm-Petrel,Oceanodroma markhami,san_cris_pela,Galápagos,between San Cristóbal Island and Española Island,28 July 2017,2,-1.203,-89.6538,0,S38434022,A. Jaramillo,"Two birds were seen in pelagic waters between San Cristóbal and Española on separate dates (Figs. 5i, 5j). There are few Galápagos records of this non-breeding austral vagrant (Wiedenfeld, 2006; McMullan & Navarrete, 2017). However, as with previous species, the scarcity of records might partially be explained by limited pelagic work. ",
5,maspet,Markham’s Storm-Petrel,Oceanodroma markhami,L1601648,Galápagos,near San Cristóbal Island coast to the south,16 August 2008,1,-1.203,-89.6538,0,S43822441,J. Gilliam,"Two birds were seen in pelagic waters between San Cristóbal and Española on separate dates (Figs. 5i, 5j). There are few Galápagos records of this non-breeding austral vagrant (Wiedenfeld, 2006; McMullan & Navarrete, 2017). However, as with previous species, the scarcity of records might partially be explained by limited pelagic work. ",
5,rispet1,Ringed Storm-Petrel,Oceanodroma hornbyi,floreana,Galápagos,off south Floreana Island,8 November 2017,1,-1.6782,-90.5412,0,S40565873,R. Tizard,"A single bird was observed and photographed in pelagic waters off Floreana (Fig. 3a). This represents the first documented record from the Galápagos (Freile et al., 2020), where the species is known from two published sight records (Wiedenfeld, 2006) on an unexpected date for an austral breeder (April 1967). Records in waters off mainland Ecuador also include unexpected dates (July 2007, February 2008; see Freile et al., 2013; Nilsson et al., 2014), suggesting that the temporal distribution patterns of this species, which is confined to the Humboldt Current, are more complex than previously acknowledged (Howell & Zufelt, 2019).",
5,pedpet1,Peruvian Diving-Petrel,Pelecanoides garnotii,engabao,Guayas,Puerto Engabao,14 January 2017,1,-2.5781,-80.48406,0,NO_EBIRD,F. Pásara Hurtado,"A single exhausted individual of this globally endangered species (BirdLife International, 2020) was rescued while swimming close to shore (Fig. 1a). It died afterwards, but the specimen was not secured and no necropsy analysis was done. This constitutes the first record for Ecuador and the northernmost record for the genus and species, c. 440 km north of Lobos de Tierra, the nearest coastal area where recorded in Peru, even though it has not bred there for several decades (Figueroa, 2013). The closest breeding colony lies 370 km further southeast of Lobos de Tierra, at Isla Corcovado (Valverde-Romero, 2006). This Humboldt Current species likely breeds year-round in coastal areas and islands of Peru and Chile (Howell & Zufelt, 2019; BirdLife International, 2020) and is considered to be sedentary (Onley & Scofield, 2007). The species is not known to wander or disperse over long distances under normal climatic conditions (Carboneras et al., 2020), but it is affected by abnormal climatic situations, because it feeds mostly on small pelagic fish that are more susceptible to changes in sea surface temperature (Brooke, 2004; García-Godos & Goya, 2006). Therefore, its dispersion northwards to the southern coast of Ecuador might have been caused by the weak cold- water event La Niña, as part of the El Niño Southern Oscillation (ENSO), that produced nutrient-rich and cooler water conditions in the eastern tropical Pacific from late 2016 to early 2017 (L’Heureux et al., 2017). With cold ocean waters being more productive, this P. garnotii might have travelled north in search for prey, as has been hypothesized for other marine organisms (Álava & Carvajal, 2005; Páez-Rosas et al., 2018). Nonetheless, we cannot fully rule out the possibility of a boat-assisted arrival to the Ecuadorian coast because diving-petrels often land on ships when attracted by lights (Howell & Zufelt, 2019). ",
5,woosto,Wood Stork,Mycteria americana,L4815097,Pichincha,Reserva Mashpi Shungo,9 November 2015,1,0.1824,-78.91215,520,NO_EBIRD,A. Solano-Ugalde.,"One individual was seen flying over a river edge near Mashpi Shungo, and another pair was photographed at the Borja bypass (Fig. 4k). Both records are outside this species’ regular distribution range (Freile & Restall, 2018), but the species tends to wander widely, including trans-Andean passage (Ridgely & Greenfield, 2020).",
5,woosto,Wood Stork,Mycteria americana,borja_pass,Napo,"Borja bypass, secondary road",28 March 2019,1,-0.4375,-77.8517,1770,NO_EBIRD,"M. Sánchez-Nivicela, M. and L. Ramsey, L. Pérez","One individual was seen flying over a river edge near Mashpi Shungo, and another pair was photographed at the Borja bypass (Fig. 4k). Both records are outside this species’ regular distribution range (Freile & Restall, 2018), but the species tends to wander widely, including trans-Andean passage (Ridgely & Greenfield, 2020).",
5,triher,Tricolored Heron,Egretta tricolor,L471680,Galápagos,"Punta Cormorán, Floreana",May 2018,1,-1.22744,-90.4257,0,S44657562,J. and E. Morton,"One individual of undetermined age and sex was observed and photographed (Fig. 3b) at Flamingo Lagoon, Punta Cormorán, as it flew and landed along the shoreline. This is the first documented record for Galápagos. Only one previous sighting was reported by Swash & Still (2000) without supporting evidence or further data (Wiedenfeld, 2006).",
5,redegr,Reddish Egret,Egretta rufescens,L2120653,Santa Elena,Ecuasal Pacoa,10 June 2019,1,-2.09651,-80.73544,0,NO_EBIRD,B. Haase,"One adult of undetermined sex was observed in artificial salt-evaporating ponds (Fig. 5k). Presumably, the same individual remained in the area for 8 months, with the most recent report coming from February 2020 (eBird, 2020). Two previous records exist in Ecuador, one individual seen in Río Napo in July 2009 and one observed at Pacoa from November 2013 through September 2014 (Freile et al., 2013; Nilsson et al., 2014), with the latter apparently remaining at Pacoa until October 2015 (Haase, 2019). Dates of the three records, and this individual’s extended residence at Pacoa, suggest a tendency of this species to establish itself temporarily at new localities after post-breeding dispersal, and to complete pre-basic molt before migrating back to its breeding grounds. It breeds in southern North America, the Caribbean, and the northern coast of South America (Koczur et al., 2020).",
5,gloibi,Glossy Ibis,Plegadis falcinellus,L659310,Imbabura,Laguna Yaguarcocha,11 February 2015,1,0.3666,-78.0833,2200,S21775984,"D. Arias, L. Calapi","One individual was observed near a communal roost of Cattle Egrets Bubulcus ibis at Laguna Yaguarcocha (Arias-Cruzatty, 2015; Fig. 4l). Another individual was observed along the banks of a pond in degraded habitat near Puerto El Carmen de Putumayo (Fig. 4m). The Yaguarcocha record is the first in the Andes of Ecuador, while the Puerto El Carmen record is only the second known to us from the Amazonian lowlands of Ecuador (Freile & Restall, 2018). Number of records and abundance of this species in Ecuador have increased notably in recent years, from few localities and low numbers in the late 1990s and early 2000s (López-Lanús & Gastezzi, 2000; Ridgely & Greenfield, 2001) to several localities and increasing counts in the 2010s (Santander et al., 2013; Nilsson et al., 2014; Freile & Restall, 2018).",
5,gloibi,Glossy Ibis,Plegadis falcinellus,L2763216,Sucumbíos,Puerto El Carmen de Putumayo,17 January 2017,1,0.118,-75.856,220,S33744100,"R. Ahlman, D. Jumbo","One individual was observed near a communal roost of Cattle Egrets Bubulcus ibis at Laguna Yaguarcocha (Arias-Cruzatty, 2015; Fig. 4l). Another individual was observed along the banks of a pond in degraded habitat near Puerto El Carmen de Putumayo (Fig. 4m). The Yaguarcocha record is the first in the Andes of Ecuador, while the Puerto El Carmen record is only the second known to us from the Amazonian lowlands of Ecuador (Freile & Restall, 2018). Number of records and abundance of this species in Ecuador have increased notably in recent years, from few localities and low numbers in the late 1990s and early 2000s (López-Lanús & Gastezzi, 2000; Ridgely & Greenfield, 2001) to several localities and increasing counts in the 2010s (Santander et al., 2013; Nilsson et al., 2014; Freile & Restall, 2018).",
5,punibi1,Puna Ibis,Plegadis ridgwayi,L1856443,Pichincha,Laguna de Limpiopungo,21 August 2018,1,-0.62,-78.476,3660,S48389794,N. G. Monteros,"Both records refer to the same individual (Fig. 5l), observed at Limpiopungo from 21 August until at least 21 September 2018 (Salazar, 2018). There is one previous record at the same locality of a single individual observed on 3–15 January 2015 (Freile et al., 2019).",
5,punibi1,Puna Ibis,Plegadis ridgwayi,L1856443,Pichincha,Laguna de Limpiopungo,22 August 2018,1,-0.62,-78.476,3660,NO_EBIRD,F. Melo,"Both records refer to the same individual (Fig. 5l), observed at Limpiopungo from 21 August until at least 21 September 2018 (Salazar, 2018). There is one previous record at the same locality of a single individual observed on 3–15 January 2015 (Freile et al., 2019).",
5,peakit1,Pearl Kite,Gampsonyx swainsonii,L2209138,Zamora Chinchipe,Paquisha,18 May 2018,1,-3.9326,-78.6764,820,S45801225,F. Castillo,"One adult was first observed at Paquisha on 18–29 May 2018 (Fig. 4n) and the species continued to be observed regularly in and around the town through at least January 2020 (eBird, 2020). This is one of the southernmost records in Amazonian Ecuador, where the species is primarily confined to the northern lowlands (Freile & Restall, 2018). However, it is likely colonizing new areas towards the Andean foothills and southern Amazonian Ecuador following deforestation (Ridgely & Greenfield, 2020).",
5,snakit,Snail Kite,Rostrhamus sociabilis,L4815097,Pichincha,Reserva Mashpi Shungo,8 January 2018,1,0.1824,-78.91215,520,NO_EBIRD,"D. Chalá, A. Solano-Ugalde","The Mashpi record involves a juvenile found in weakened condition, which later died (Fig. 4o), whereas the Limpiopungo record also involves a juvenile, but in good condition (Fig. 4p). The Limpiopungo bird was persistently being mobbed by a resident Andean Lapwing Vanellus resplendens and an Andean Gull Chroicocephalus serranus. This species was considered Vulnerable in Ecuador by Granizo et al. (2002), but is likely increasing in numbers at present, especially in western Ecuador, and spreading northwards and into the Andean foothills; as a result, it has been removed from the country’s red list (Freile et al., 2019b). There is a single previous highland record of an adult found dead, curiously also at Limpiopungo (de Vries, 1980).",
5,snakit,Snail Kite,Rostrhamus sociabilis,L1856443,Pichincha,Laguna de Limpiopungo,15 February 2018,,-0.62,-78.476,3660,NO_EBIRD,Z. Armas,"The Mashpi record involves a juvenile found in weakened condition, which later died (Fig. 4o), whereas the Limpiopungo record also involves a juvenile, but in good condition (Fig. 4p). The Limpiopungo bird was persistently being mobbed by a resident Andean Lapwing Vanellus resplendens and an Andean Gull Chroicocephalus serranus. This species was considered Vulnerable in Ecuador by Granizo et al. (2002), but is likely increasing in numbers at present, especially in western Ecuador, and spreading northwards and into the Andean foothills; as a result, it has been removed from the country’s red list (Freile et al., 2019b). There is a single previous highland record of an adult found dead, curiously also at Limpiopungo (de Vries, 1980).",
5,gybhaw1,Gray-bellied Hawk,Accipiter poliogaster,L1817625,Orellana,Shiripuno,20 May 2012,1,-1.10368,-76.7317,240,S14874059,R. Gelis,"One adult was encountered inside primary forest, where it was depredating an unknown bird (Gelis, 2012). Apparently, this rare hawk has a wide distribution across the entire Amazon Basin, but it is poorly known and seldom recorded in Ecuador (Freile & Restall, 2018). There are a few additional records available in eBird, including one juvenile at Sumaco at a higher elevation than expected (Espinosa, 2015), an adult near Paquisha (Castillo, 2020), and another juvenile at Nuevo Paraíso Road, Zamora Chinchipe province, which is the southernmost record (Tizard, 2017).",
5,swahaw,Swainson’s Hawk,Buteo swainsonii,Manantiales,Manabí,Manantiales,29 May 2018,1,-1.24042,-80.7529,c. 50,NO_EBIRD,G. Donoso,"One subadult of undetermined sex was found in weakened condition at a farm (Fig. 5m), but apparently escaped after being photographed (G. Donoso, in litt., May 2018). There are few records of this boreal transient hawk in western Ecuador (Freile & Restall, 2018). The May date indicates a delayed migrant.",
5,koesco1,Koepcke's Screech-Owl,Megascops koepckeae,loja_utpl,Loja,campus of Universidad Técnica Particular de Loja (UTPL),February–May 2018,1,-3.987,-79.1995,2200,S45438905,"L. Ordóñez, A. Orihuela, A. Armijos, J. Freile (photos, audio-recordings).","A small population was unexpectedly discovered on the UTPL campus, within the city of Loja (Fig. 5n), and a few additional territories have subsequently been located in the Loja valley since then (Ordóñez-Delgado & Freile, 2019). This former Peruvian endemic owl has been recorded from Ayabaca province, c. 90 km south of Loja, so it might occur in other dry Andean valleys in the intervening area (Ordóñez-Delgado & Freile, 2019).",
5,pepowl1,Peruvian Pygmy-Owl,Glaucidium peruanum,Pachijal,Pichincha,Pachijal,11 January 2018,1,0.1607,-78.9351,520,NO_EBIRD,"F. Bolaños, A. Solano-Ugalde","One individual was rescued after crashing against a window; it recovered and was released the following day at Mashpi Shungo (Fig. 4q). Pachijal and Mashpi are outside the species’ regular distributional range, but there are records from nearby areas in Pichincha province (Río Silanche, Puerto Quito), and further north in Cristóbal Colón, Esmeraldas province (eBird, 2020). Increasing deforestation, expansion of the agricultural frontier, and local climate changes (i.e., decreasing humidity) might be the drivers of its range expansion.",
5,whtkin1,White-throated Kingbird,Tyrannus albogularis,L3655034,Orellana,Nuevo Rocafuerte,7 May 2018,2,-0.92677,-75.4017,190,S45418519,R. Ahlman,"Two separate individuals were seen nearby Nuevo Rocafuerte and readily identified as different from Tropical Kingbird Tyrannus melancholicus by the clear-cut white throat, clean yellow below, lack of olive wash on the breast, pale gray head, pronounced dark mask, and clear-cut green back (Fig. 5o). A short trill call of this individual was recorded (Ahlman, 2018c). There are a few additional sightings in the same general area and further west along the Río Napo (eBird, 2020). This record along with associated published evidence (Ahlman, 2018b), represent the first documentation for the species in Ecuador (Freile et al., 2020).",
5,boboli,Bobolink,Dolichonyx oryzivorus,L1822985,Esmeraldas,Punta Galera,11 October 2015,4,0.81627,-80.0471,0,S25370204,R. Ahlman,"A flock of four individuals was encountered in dry scrub near the coast (Fig. 5q). There are few records of vagrants in Ecuador, including records from the Galápagos Islands (Wiedenfeld, 2006; Freile & Restall, 2018; eBird, 2020). The species occurs as transient in Ecuador, with records limited to October–November and April– May (Freile & Restall, 2018). Paucity of records might be explained by short transit visits that make it pass overlooked (Ridgely & Greenfield, 2001).",
5,yebori1,Yellow-backed Oriole,Icterus chrysater,El_Carrizal,Carchi,"El Carrizal, near Tulcán",30 March 2019,2,0.7866,-77.71135,2950,S57635371,G. Lucero,"One pair was found near Tulcán in a rural area characterized by cultivated land and remnant Eucalyptus globulus woodland patches (Fig. 5r). They were subsequently seen for two consecutive weeks. The pair often remained high in the Eucalyptus trees, but sometimes descended to nearby shrubs. They were found again in June 2019 (eBird, 2020). This is only the second Ecuadorian record of this species, which actually ranges to extreme southern Colombia (Ayerbe-Quiñones, 2018).",
5,balori,Baltimore Oriole,Icterus galbula,L485587,El Oro,Buenaventura Reserve,29 December 2018,1,-3.6492,-79.7615,c. 500,S51450378,L. Seitz,"A single individual, presumably an immature male, was briefly observed and photographed (Fig. 2e). As admitted by the observer, it is not easy to separate a pure Icterus galbula from a hybrid I. galbula x Bullock’s Oriole I. bullockii (Seitz, 2018). Some details that could differentiate these two species and a range of hybrid plumages are not appreciable in the photograph (belly color and pattern, molt wear in wing feathers). Thus, it is not possible to segregate with 100% certainty between I. galbula and I. bullockii (A. Jaramillo, in litt., March 2020; see Jaramillo & Burke, 1999). Yet, CERO accepts the record as pertaining to I. galbula based on known wintering ranges of the two species. This is the fifth record of I. galbula in Ecuador (Freile & Restall, 2018). There is a recent photographic record of a non-breeding male in Puembo Birding Garden, Pichincha province (Mac, 2020).",
5,babwar,Bay-breasted Warbler,Setophaga castanea,L6307462,Pichincha,"Mindo, road to Mariposario",13 March 2019,1,-0.054,-78.7786,1250,S53787721,D. Jumbo,"A male molting into breeding plumage was observed in a second-growth patch near Mindo, foraging in Inga and Alnus trees (Fig. 5p). It moved in the same flock as a Black-throated Green Warbler S. virens (see below).There are few previous records for northern Ecuador (Freile & Restall, 2018; eBird, 2020). There is a report from the same location in February 2020 (Jumbo, 2020). ",
5,chswar,Chestnut-sided Warbler,Setophaga pensylvanica,L618326,Pichincha,"Botanical Garden, Quito",18 February 2019,1,-0.183333,-78.483333,2780,NO_EBIRD,J. Freile.,"A single female was first recorded on 18 December 2018 by A. Morales & G. Nazati. The first photos taken of this individual show a full non-breeding plumage (see eBird, 2020). It remained in the same area until at least 16 May 2019, allowing for photographic documentation of its molt progression into breeding plumage. By 9 February it had begun its molt and by 14 March it was already in full breeding plumage (Fig. 2c). There are few, scattered records in northern Ecuador (Freile & Restall, 2018; eBird, 2020), mostly on April–May, and this is the first documented evidence to be formally published. There is an earlier photographic record by D. M. Brinkhuizen of a first-year male from Mindo (Brinkhuizen, 2014).",
5,btnwar,Black-throated Green Warbler,Setophaga virens,L3725018,Pichincha,"Mindo, road to Mariposario",10 March 2019,1,-0.054,-78.7786,1250,S53742584,"E. Capella, M. Bonet","One male molting into breeding plumage was first found on 10 March 2019 in the canopy of second growth, mostly accompanying mixed-species flocks (Bonet, 2019; Fig. 2d). It was last found on 3 April 2019 (eBird, 2020). There are very few and scattered records in Ecuador, this one being the first documented (Freile & Restall, 2018).",
5,westan,Western Tanager,Piranga ludoviciana,L10488676,Pichincha,Reserva Otongachi,2 May 2019,1,-0.32125,-78.9516,850,S74495996,A. G. Simbaña Jaramillo,"One second-year male molting into breeding plumage was photographed while visiting a fruit feeder (Fig. 1b). It is not known if this individual remained in the area because observations were limited to a single day. This is the first record for Ecuador and South America (Remsen et al., 2020) and comes on an unexpected date. The species winters in Central America, south to westernmost Panamá and adjacent Costa Rica, from where it departs by late March through April (Hudon, 2020). Previous records outside its typical wintering range or breeding grounds during the boreal spring are confined to northern United States and central-east Canada (Hudon, 2020). The southernmost record comes from Finca Velásquez, Veraguas, Panamá (Groenendijk, 2018), 850 km north-northwest of Reserva Otongachi, whereas the closest record to South America comes from the island of Bonaire (Wells & Childs-Wells, 2002). The mechanism by which this individual arrived to northwest Ecuador cannot be determined with certainty, but two possibilities stand out. First, it could represent an overshooting migrant, which might have passed its normal winter grounds during fall migration and overwintered in Ecuador while remaining undetected. However, considering the late date and the tendency of the species to vacate southern wintering areas in March and April (Hudon, 2020), it seems more plausible that this individual engaged in reverse migration as a result of misorientation. It has been proposed that a small number of individuals in migratory species depart their wintering grounds in a 180° reverse direction, just as some individuals seem to do when departing their breeding grounds (Howell et al., 2014). From many points in the core wintering range of P. ludoviciana along the Pacific slope of Central America, the area in northwest Ecuador where this individual was found lies on a straight 180° directly opposite the species' breeding areas in North America. ",
5,dickci,Dickcissel,Spiza americana,L2761796,Esmeraldas,Las Peñas,12 October 2015,1,1.1,-79.15,0,S25398261,R. Ahlman,"A single adult was located in an open field with shrubby vegetation (Fig. 2f). There is only one previous record for Ecuador, an undocumented observation from Jatun Sacha, Napo province (Clay, 1999). The Las Peñas record provides the first documentation of the species for Ecuador (see eBird, 2020). There is one additional, recent record from the same area (Rowlett, 2019).",
5,pebcon1,Pearly-breasted Conebill,Conirostrum margaritae,L3655034,Orellana,river island close to Nuevo Rocafuerte,6 May 2018,2,-0.92105,-75.3866,190,S45366969,R. Ahlman,"One pair was first found in a small patch of medium-aged Cecropia on a small river island dominated by grassy vegetation (Fig. 1c; Ahlman, 2018a), where it responded strongly to playback by approaching and singing. It was observed again on 4 May 2019 by the same observer, together with J. Illanes and X. Chv (eBird, 2020). This is the first record of the species for Ecuador and one of the few records along the Río Napo—and the westernmost in the Amazon basin (Schulenberg et al., 2006).",
5,orhtan1,Orange-headed Tanager,Thlypopsis sordida,L2209138,Zamora Chinchipe,Paquisha,22 July 2017,3,-3.9326,-78.6764,820,S44688188,F. Castillo,"Three birds were first seen in July 2017 and remained in the area until at least the end of that year, including repeated observations at the same fruit feeder (Fig. 4r). This species is mostly confined to riparian secondary vegetation and was, until recently, mainly confined to river islands and the riparian vegetation along the shorelines of major rivers (Ridgely & Greenfield, 2001; McMullan & Navarrete, 2017). However, it appears to be spreading into second-growth areas away from rivers and into the Andean foothills (Krabbe, 2018; eBird, 2020), likely in response to deforestation.",
6,bbwduc,Black-bellied Whistling-Duck,Dendrocygna autumnalis,L6073730,Carchi,Laguna El Salado,"Jul 13, 2019",1,0.582416,-77.789646,2980,NO_EBIRD,W. Chulde,"A single adult was observed standing on a grassy shore (Fig. 4a). This report represents the third published highland record in Ecuador; the first one dates back to 1922 from La Carolina marshes near Quito (Ridgely & Greenfield, 2001) and the second from Lago San Pablo, Imbabura province (Mena-Valenzuela, 2021). There are several recent, unpublished, records for the inter-Andean valleys (eBird, 2022). It remains to be determined if the species is establishing a resident population in inter-Andean wetlands or if it visits these wetlands seasonally from its regular known range in the lowlands of west Ecuador (Freile & Restall, 2018). ",
6,musduc,Muscovy Duck,Cairina moschata,L6073730,Carchi,Laguna El Salado,"Aug 5, 2020",1,0.582416,-77.789646,2980,S72514766,J. M. Loaiza and P. Molina,"An adult female was observed first in flight, and later found together with a group of Neotropic Cormorants Nannopterum brasilianum on the northeastern shore of the lake (Fig. 4b). Flight and behavior described by observers point to a wild individual. There are no previous published records of this endangered species (Freile et al., 2019b) from the Ecuadorian highlands (Freile & Restall, 2018), and only one documented record in eBird, from Micacocha, Antisana, Napo province (Salazar, 2021). We suggest being cautious with reports of C. moschata in the highlands, since escapees or domesticated individuals may find their way to natural wetlands.",
6,comduc3,Comb Duck,Sarkidiornis sylvicola,L2120653,Santa Elena,Ecuasal Pacoa,"Sep 14, 2021",109,-2.09651,-80.73544,0,NO_EBIRD,A. Ágreda,"The Santa Elena record involved a group of 109 individuals: 91 adults and 18 immatures; 46 males, 32 females,and 31 undetermined (Fig. 5a).  Records of this threatened species—and total counts in some localities— have increased in recent years (eBird,2022), including more frequent reports from the coastal wetlands of Santa Elena province within its expected distribution (Freile & Restall, 2018).  It remains to be determined if the species’ population is increasing in thelowlands of western Ecuador.",
6,comduc3,Comb Duck,Sarkidiornis sylvicola,isla_santa_cruz,Galápagos,Isla Santa Cruz highlands,"Oct 30, 2019",1,-0.666,-90.325,515,S61240822,D. Valencia,"The Galápagos record, first reported in eBird (Valencia, 2019), was an adult female, and represents the first documented record for the archipelago (Brinkhuizen & Nilsson, 2020) (Fig. 3a). ",
6,norsho,Northern Shoveler,Spatula clypeata,L3064040,Galápagos,Playa El Garrapatero,"Feb 28, 2021",1,-0.69465,-90.22079,0,S82610495,D. Degel Andrade,"An adult male was photographed in a saline lake (Fig. 5b) (Degel-Andrade, 2021). This record represents the second documented sighting for the archipelago (Jiménez-Uzcátegui & Freire, 2013). A single female,presumably the same individual, was reported in 2011 and 2012 from Punta Moreno, Isla Isabela (Brinkhuizen& Nilsson, 2020).",
6,cintea,Cinnamon Teal,Spatula cyanoptera,L2120653,Santa Elena,Ecuasal Pacoa,"Sep 6, 2021",7,-2.09651,-80.73544,0,S94652546,A. Ágreda,"A female and a male in breeding plumage were photographed in an artificial salt-evaporating pond (Fig. 5c). Furthermore, in the late afternoon on 14 September 2021, two males and five females were recorded by thesame observer at the same locality (Ágreda, 2021). These two records coincide with the beginning of the boreal migratory season in coastal Ecuador, suggesting that both pertain to the subspecies S. c. septentrionalium (Freile& Restall, 2018).  Worryingly, there is at least one record of hunting of this migratory subspecies in its wintering grounds in western Ecuador’s agricultural areas (Camacho & Wilson, 2011).  Previous CERO reports included infrequent records of this species, always in low numbers (Freile et al., 2013; Nilsson et al., 2014; Freile et al.,2020), but recent reports of the species have increased in numbers and frequency (eBird, 2022).  Therefore,CERO no longer requests reports of this species from the Pacific lowlands. ",
6,yebpin1,Yellow-billed Pintail,Anas georgica,L2034603,Manabí,La Segua,"Dec 30, 2016",1,-0.70318,-80.2014,5,S33288703,R. Ahlman,"A single individual was photographed in this threatened wetland surrounded by shrimp farms (Fig. 4c) (Ahlman,2016b). There are scattered recent records of this highland species from the Pacific lowlands near the coastline(eBird, 2022), including the following localities, from north to south: Las Peñas and Atacames, Esmeraldas province; Pedernales-Cojimíes and Rocafuerte, Manabí province; Puerto Engabao, Isla Santay, Laguna ElCanclón, and La Lagartera, Guayas province. CERO does not request additional reports of this species for thePacific lowlands and encourages GPS-tagging research to elucidate the movements of A. georgica and itspotential population growth and range expansion in recent years.",
6,soupoc1,Southern Pochard,Netta erythrophthalma,L2761556,Esmeraldas,"Puro Congo, La Tola ","Mar 19, 2021",1,1.195194,-79.06519,0,S84086443,D. Brinkhuizen and L. Córdova,"A single adult female of this critically endangered anatid (Freile et al., 2019b) was photographed at a shrimp farm pond (Fig. 5d) (Córdova & Brinkhuizen, 2021). It was observed again by L. Navarrete on 21 March, butother observers failed to detect it on 22 March. This is the only documented record for Ecuador since 2007,where last observed at La Segua, Manabí province (Freile et al., 2016).",
6,chifla1,Chilean Flamingo,Phoenicopterus chilensis,L471680,Galápagos,"Punta Cormorán, Isla Floreana ","Jul 25, 2008",1,-1.226127,-90.42834,0,S11093600,A. Jaramillo,"In 2008, a single bird was observed in a brackish coastal lagoon (Fig. 3b), but this record was only uploaded toeBird in November 2020 (Jaramillo, 2008). Since 2016, the species has been reported almost annually from thesame island (eBird, 2022), but the 2008 record appears to be the first for the Galápagos. Curiously, allsubsequent records of P. chilensis from the Galápagos are from Isla Floreana, suggesting the possibility of localestablishment (eBird, 2022). ",
6,limpki,Limpkin,Aramus guarauna,carchi_libertad,Carchi,La Libertad,"Oct 19, 2019",1,0.664528,-77.95855,3040,S60807881,E. Taimal,"A single individual was photographed while foraging in a boggy cattle pasture within a paramo agriculturalzone in the Andean highlands (Fig. 4d) (Taimal, 2019). This first documented record in the Andes of Ecuador,at c. 3040 m a.s.l., is the highest elevational record for this species, which is known to range mainly below 400m, with additional recent records at 520 m and 820 m (Freile et al., 2022).",
6,pabcra,Paint-billed Crake,Mustelirallus erythrops,L3246401,Morona Santiago,"vía al Jardín Botánico, Sucúa ","May 18, 2021",1,-2.46469,-78.16323,820,S88460793,G. Utitiaj,"One individual was observed and approached as it appeared to be injured. The habitat was described as dense roadside pasture with a small moriche palm (Mauritia flexuosa) swamp (Fig. 5e). This rail is uncommon and poorly known in Ecuador, with scarce records from the Amazon in comparison to western Ecuador and Galápagos (Freile & Restall, 2018). Subspecies identification in mainland Ecuador is unclear, but Ridgely & Greenfield (2001) suggested Ecuadorian populations pertain to M. e. olivascens. This record is the first documented for Amazonian Ecuador, but there are two additional observations from Limoncocha, Sucumbíos province (Argüello, 2021; Hervé & Hualinga, 2021). Amazonian records could correspond to M. e. olivascens based on distribution only. However, a thorough study of museum specimens is needed to confirm the identity of Amazonian birds, as well as populations in west Ecuador, which might also pertain to M. e. erythrops as in Galápagos (Clements et al., 2021).",
6,y00475,American Coot,Fulica americana,L3646290,Galápagos,El Estero Ponds,"May 14, 2016",1,-0.958738,-90.99153,10,S29692835,K. Jensen,"Brinkhuizen & Nilsson (2020) now consider this species a rare but regular visitor to Isabela and San Cristóbal Islands. Janni (1999) obtained the first photographs of F. americana in Galápagos, but as those photos were never published, the records presented in our current report represent the first documented for the archipelago. It should be noted that the 30 May 2018 record shows an uncharacteristic yellowish bill (Rosenmeier & Kluge, 2018). There are a few subsequent documented records for Galápagos, some apparently involving the same individuals, but none after 2019 (eBird, 2022).",
6,y00475,American Coot,Fulica americana,L3202697,Galápagos,Posada de Flamengos,"May 30, 2018",1,-0.945527,-90.97487,10,S46281058,T. Rosenmeier and K. Kluge,"Brinkhuizen & Nilsson (2020) now consider this species a rare but regular visitor to Isabela and San Cristóbal Islands. Janni (1999) obtained the first photographs of F. americana in Galápagos, but as those photos were never published, the records presented in our current report represent the first documented for the archipelago. It should be noted that the 30 May 2018 record shows an uncharacteristic yellowish bill (Rosenmeier & Kluge, 2018). There are a few subsequent documented records for Galápagos, some apparently involving the same individuals, but none after 2019 (eBird, 2022).",
6,pagplo,Pacific Golden-Plover,Pluvialis fulva,L2034603,Manabí,La Segua,"Nov 3, 2016",1,-0.70318,-80.2014,5,S32351967,R. Ahlman,"One individual in non-breeding, juvenile, or first winter plumage (Sibley, 2014) was observed and photographed on mudflats and aquatic vegetation (Fig. 5g). A difficult species to identify, carefully reviewed and proposed by the observer (Ahlman, 2016a); identification was based on the following field marks: golden-yellowish tone to upperparts, golden-buffy face and neck, slim, longish legs, and wing tips not projecting beyond tail tip (Jaramillo, 2004). There are two previous records for mainland Ecuador, both from Ecuasal Mar Bravo, Santa Elena province, first by D. Liley in 1991 (Ridgley & Greenfield, 2001) and a photographic record by R. S. Ridgely and F. Sornoza in January 2007 (R. S. Ridgely in litt. 2011), not yet published or submitted to CERO, thus its identification is still unconfirmed by the committee. The South American Classification Committee considers P. fulva as a vagrant in the entire region based on a single Ecuadorian record from the Galápagos (Freile et al., 2013; Remsen et al., 2022). Ahlman’s record is the first documented for mainland Ecuador.",
6,lobcur,Long-billed Curlew,Numenius americanus,L1785055,Manabí,Ayampe River,"Oct 3, 2021",1,-1.669527,-80.81804,0,S95567766,"D. Arias-Cruzatty, I. Contreras-Rodríguez, I. Esparza, R. Matamoros, S. Plúa Albán, J. Romero and D. Souza","A group of seven birders observed a single individual on the northern side of the Ayampe River delta, accompanying a flock of Whimbrels Numenius phaeopus. Identification of the latter species was based on bill length, unstriped head, and cinnamon underparts (Freile & Restall, 2018). A photograph was secured by I. Contreras Rodríguez and D. Souza (Fig. 2a). The species was considered undocumented/hypothetical in Ecuador (Freile et al., 2022) based on a single, undocumented observation submitted to CERO (Freile et al., 2017), but also a potential vagrant to Galápagos (Brinkhuizen & Nilsson, 2020). This Ayampe record represents the second documented and published record for the entire Pacific coast of South America, the first being a black-and-white photo from Paracas, Peru (Heselden, 2013).",
6,margod,Marbled Godwit,Limosa fedoa,L1881907,Galápagos,"Las Bachas, Isla Santa Cruz","Jan 24, 2010",1,-0.494164,-90.34071,0,S22564446,S. Young,"One adult individual molting into non-breeding plumage was photographed (Young, 2010) (Fig. 3c).  This is the first documented record for Galápagos after a handful of previous sight records dating back to 1957 (Wiedenfeld, 2006).  There have been several more records in subsequent years from Galápagos, some including documentation (eBird, 2022). ",
6,redkno,Red Knot,Calidris canutus,L787523,Santa Elena,Ecuasal Mar Bravo,"May 9, 2014",1,-2.246064,-80.94171,0,S19779261,A. Hinkle and C. Hinkle,"The Santa Elena record refers to a single individual in non-breeding plumage that was observed foraging at mudflats in shallow brackish lagoons alongside other waders. The Esmeraldas record involved a flock of 22 adults, including two ringed/banded individuals, some already molting into breeding plumage (Fig. 5h). The ring colors included one red flag (from Canada) and one green flag (from the United States) (see https://www.pbase.com/ahlman/image/168113854). The species is considered a rare visitor to Ecuador (Freile & Restall, 2018), with scarce records almost throughout the year (Haase, 2019). Historical records are sparse since the species was first recorded in January 1976 (Ridgely & Greenfield, 2001). Still, a single specimen collected near Punta Carnero in Santa Elena province (Academy of Natural Sciences of Philadelphia, ANSP 183813) was the only evidence until recently. Recent records include photos taken in Ecuasal Mar Bravo and Salinas, Santa Elena province, where two individuals were photographed on 14 August 2008 (Haase, 2019) and separately on 18 March 2010 (see https://www.pbase.com/ahlman/image/123079715). The Esmeraldas record is also one of the highest counts for the country (Ridgely & Greenfield, 2001; Haase, 2019), which is relevant from a conservation standpoint as the species is currently ranked as globally Near threatened (BirdLife International, 2022; see Carmona et al., 2013). The Galápagos record of one individual in non-breeding plumage (Fig. 3d), feeding alongside a small flock of Short-billed Dowitchers Limnodromus griseus, represents the first documented report for the Galápagos (Brinkhuizen & Nilsson, 2020), but there are some older, undocumented accounts dating back to May 1969 (Wiedenfeld, 2006). ",
6,redkno,Red Knot,Calidris canutus,L1227364,Galápagos,"Puerto Villamil, Isla Isabela ","Apr 22, 2017",1,-0.80106,-91.12871,0,S36455858,R. Espinosa,"The Santa Elena record refers to a single individual in non-breeding plumage that was observed foraging at mudflats in shallow brackish lagoons alongside other waders. The Esmeraldas record involved a flock of 22 adults, including two ringed/banded individuals, some already molting into breeding plumage (Fig. 5h). The ring colors included one red flag (from Canada) and one green flag (from the United States) (see https://www.pbase.com/ahlman/image/168113854). The species is considered a rare visitor to Ecuador (Freile & Restall, 2018), with scarce records almost throughout the year (Haase, 2019). Historical records are sparse since the species was first recorded in January 1976 (Ridgely & Greenfield, 2001). Still, a single specimen collected near Punta Carnero in Santa Elena province (Academy of Natural Sciences of Philadelphia, ANSP 183813) was the only evidence until recently. Recent records include photos taken in Ecuasal Mar Bravo and Salinas, Santa Elena province, where two individuals were photographed on 14 August 2008 (Haase, 2019) and separately on 18 March 2010 (see https://www.pbase.com/ahlman/image/123079715). The Esmeraldas record is also one of the highest counts for the country (Ridgely & Greenfield, 2001; Haase, 2019), which is relevant from a conservation standpoint as the species is currently ranked as globally Near threatened (BirdLife International, 2022; see Carmona et al., 2013). The Galápagos record of one individual in non-breeding plumage (Fig. 3d), feeding alongside a small flock of Short-billed Dowitchers Limnodromus griseus, represents the first documented report for the Galápagos (Brinkhuizen & Nilsson, 2020), but there are some older, undocumented accounts dating back to May 1969 (Wiedenfeld, 2006). ",
6,redkno,Red Knot,Calidris canutus,L2761556,Esmeraldas,"Puro Congo, La Tola ","Sep 9, 2018",22,1.195194,-79.06519,0,S48391978,R. Ahlman,"The Santa Elena record refers to a single individual in non-breeding plumage that was observed foraging at mudflats in shallow brackish lagoons alongside other waders. The Esmeraldas record involved a flock of 22 adults, including two ringed/banded individuals, some already molting into breeding plumage (Fig. 5h). The ring colors included one red flag (from Canada) and one green flag (from the United States) (see https://www.pbase.com/ahlman/image/168113854). The species is considered a rare visitor to Ecuador (Freile & Restall, 2018), with scarce records almost throughout the year (Haase, 2019). Historical records are sparse since the species was first recorded in January 1976 (Ridgely & Greenfield, 2001). Still, a single specimen collected near Punta Carnero in Santa Elena province (Academy of Natural Sciences of Philadelphia, ANSP 183813) was the only evidence until recently. Recent records include photos taken in Ecuasal Mar Bravo and Salinas, Santa Elena province, where two individuals were photographed on 14 August 2008 (Haase, 2019) and separately on 18 March 2010 (see https://www.pbase.com/ahlman/image/123079715). The Esmeraldas record is also one of the highest counts for the country (Ridgely & Greenfield, 2001; Haase, 2019), which is relevant from a conservation standpoint as the species is currently ranked as globally Near threatened (BirdLife International, 2022; see Carmona et al., 2013). The Galápagos record of one individual in non-breeding plumage (Fig. 3d), feeding alongside a small flock of Short-billed Dowitchers Limnodromus griseus, represents the first documented report for the Galápagos (Brinkhuizen & Nilsson, 2020), but there are some older, undocumented accounts dating back to May 1969 (Wiedenfeld, 2006). ",
6,bubsan,Buff-breasted Sandpiper,Calidris subruficollis,espumilla,Galápagos,"Playa Espumilla, Isla Santiago","May 31, 2019",1,-0.204083,-90.82964,0,S57002991,K. John,"A single individual was photographed in a shallow pool (Fig. 3e) (Stephenson & John, 2019). This represents the only documented record of this boreal migrant in Galápagos (Brinkhuizen & Nilsson, 2020). There is a previous undocumented record, which also lacks any details on habitat, locality, date, and identification (Wiedenfeld, 2006). ",
6,lobdow,Long-billed Dowitcher,Limnodromus scolopaceus,L1611102,Galápagos,"Puerto Villamil, Isla Isabela ","Jan 6, 2013",1,-0.80106,-91.12871,0,NO_EBIRD,O. Nabrovenkov,"The Galápagos record involves one individual in non-breeding plumage photographed in flight (Fig. 3f) and video recorded. The underwing pattern, with unbarred lesser underwing coverts, is diagnostic for the species (Sibley, 2014).  This is the first and only documented record for Galápagos (Brinkhuizen & Nilsson, 2020). ",
6,lobdow,Long-billed Dowitcher,Limnodromus scolopaceus,L722765,Chimborazo,Laguna de Colta,"Feb 28, 2018",4,-1.730035,-78.75512,3310,S43303241,"E. Ocaña, W. Arteaga Chávez, R. Hipo and F. Ritcher","The Chimborazo record involves a group of four individuals found during a water bird survey (Arteaga-Chávez et al., 2022). All individuals were in non-breeding plumage (Fig. 5i), and identification was first confirmed by D. M. Brinkhuizen and J. Nilsson (Arteaga-Chávez et al., 2022). In non-breeding plumage, this rare boreal vagrant is easily confused with Short-billed Dowitcher L. griseus, which is commoner in Ecuador (Freile & Restall, 2018). There are only three previously published records of L. scolopaceus in the Ecuadorian highlands (Freile et al., 2013; Freile & Restall, 2018). The first Amazonian record was published later (Freile et al., 2017), whereas the species is not included in Haase (2019) for coastal Ecuador or Galápagos. There is one unpublished record from Las Peñas, Esmeraldas province, on 4 November 2019, the first for the mainland coast of Ecuador, not formally submitted to CERO (Ahlman, 2019).  It involved a flock of six individuals in non-breeding plumage foraging in a freshwater marsh.",
6,rubsee2,Rufous-bellied Seedsnipe,Attagis gayi ,imbabura,Imbabura,Volcán Imbabura,"Nov 11, 2020",3,0.27028,-78.1275,4200,S94398916,N. Tutillo Chimarro,"Three individuals of this endangered species (Freile et al., 2019b) were seen along the route to the summit of Imbabura volcano (Fig. 5j). There are no published records of the near-endemic subspecies A. g. latreillii north of Pichincha province (Ridgely & Greenfield, 2001), which has a small range south to Chimborazo province (Freile & Restall, 2018). All records from Imbabura and Carchi provinces are recent (2020 onwards) (eBird, 2022), and the species was recently found in extreme southern Colombia for the first time by Loaiza et al. (2022). ",
6,parjae,Parasitic Jaeger,Stercorarius parasiticus,sea,Galápagos,"‘at sea’ north of Tagus Cove, Isla Isabela ","Mar 20, 2014",7,-0.262,-91.37126,0,S17730841,J. R. Trimble,"A photo of several light morph individuals floating on the water was obtained by J. R. Trimble at sea while navigating north of Isla Isabela (Fig. 3l). There are few documented records of this rare boreal migrant in Galápagos (Brinkhuizen & Nilsson, 2020) and the entire Ecuadorian sea (Freile & Restall, 2018), including two photographic records in eBird from November 2017 and February 2020 (eBird, 2022). This record is the first formally published for Galápagos.",
6,bongul,Bonaparte’s Gull,Chroicocephalus philadelphia,L600355,Manabí,Puerto López,"Nov 21, 2016",1,-1.560328,-80.80456,0,S32788663,S. Plúa Albán,"This record of this boreal vagrant involved a single individual in first winter plumage standing on a sandy shore (Fig. 5k). This record, which is the second documented in mainland Ecuador, was first available in eBird (Plúa- Albán, 2016), then submitted to CERO, and also included in Haase (2019). The first record of C. philadelphia for mainland Ecuador comes from the San Pablo estuary, Santa Elena province (Nilsson et al., 2014). ",
6,litgul,Little Gull,Hydrocoloeus minutus,L2275272,Galápagos,Puerto Baquerizo Moreno,"Mar 16, 2021",1,-0.901811,-89.612789,0,S83944951,L. Die,"The photo report consists of a first winter individual (Sibley, 2014) found foraging at a shallow bay, between 7h00 and 11h00 (Fig. 1a) (Die, 2021). It remained in the same area until mid-May 2021, according to eBird records. This represents the first record in Ecuador and the second documented record for the South American Pacific coast, three decades after the first record in Buenaventura, Colombia (Blokpoel et al., 1984; Ewins & Weseloh, 2020). Considered vagrant in Colombia and French Guiana (Remsen et al., 2022). ",
6,belgul,Belcher’s Gull,Larus belcheri,second_dock,Galápagos,Puerto Baquerizo Moreno,"May 2, 2021",1,-0.901811,-89.612789,0,S93693404,K. Berg,"Both records may involve the same individual: an immature or subadult in first-year plumage (Schulenberg et al., 2010), first photographed perching on a roof in the second dock of Puerto Baquerizo Moreno (Fig. 3g) and later wandering around the shore of a coastal lagoon (Berg, 2021). This was an anticipated record for Galápagos (Brinkhuizen & Nilsson, 2020) that is finally documented. Records of individuals in breeding and non-breeding plumages have been documented on the mainland coast of Ecuador (Haase, 2019).",
6,santer1,Sandwich Tern,Thalasseus sandvicensis,L7747337,Galápagos,"Bahía Urbina, Isla Isabela ","Dec 15, 2018",1,-0.392748,-91.22588,0,S65213579,T.Dimarzio,"One individual was photographed against a dark sky, but non-breeding features are visible: bold white forehead and dark ocular line (Fig. 3h) (Dimarzio, 2018). According to Brinkhuizen & Nilsson (2020), there is one additional documented record of this boreal species in the Galápagos from April 2016 in Puerto Villamil, Isla Isabela.",
6,humpen1,Humboldt Penguin,Spheniscus humboldti,L21672568,Santa Elena,Islote El Pelado,"Aug 1, 2020",1,-1.93543,-80.78912,0,S72029780, J. C. Figueroa,"One adult individual was first observed on a rocky islet (Fig. 5l; see also Figueroa, 2020). Two subsequent photo records from the same area, presumably of the same individual (as suggested by an unfeathered patch in the back), indicate that the penguin had likely gotten used to boats with snorkeling tourists, perhaps in search of food or having already been fed by people (Barham, 2021). The last record from the vicinity of El Pelado was in May 2021 (Navarro, 2021). It seems that the same penguin continued roaming north along the Manabí coast until April 2022, when a penguin was last reported near Machalilla (Rivera-Tapia, 2022). Some previous records may involve captured birds or human-assisted arrivals (Haase, 2019). There are few records of this vagrant species from the southwest coast of Ecuador (Freile & Restall, 2018).",
6,wfspet,White-faced Storm-Petrel,Pelagodroma marina,L1331789,Galápagos,north of Canal Bolívar,"Jul 29, 2008",1,-0.29523,-91.383848,0,S39480891,S. Olmstead,"One individual landed on a boat deck in poor condition (Olmstead et al., 2008). It was identified by its distinct facial pattern with a dusky mask and whitish face, and long superciliar stripes (Fig. 5m). There are few records of this vagrant species from the Galápagos, including two reports from 2014 and 2018 published earlier (Freile et al., 2020). The Olmstead report is the first documented record from the Galápagos (Brinkhuizen & Nilsson, 2020).",
6,norgip1,Northern Giant-Petrel,Macronectes halli,bahia,Galápagos,"Bahía Gardner, Isla Española ","Aug 1, 2009",1,-1.351636,-89.66178,0,NO_EBIRD,R. Plaza,"A single juvenile was photographed resting on calm waters (Fig. 2b). This represents the first documented record from Galápagos and possibly the second for Ecuador (Ridgely & Greenfield, 2021). Although records from mainland Ecuador (Isla de la Plata, Manabí province) reported by various observers have not been reviewed by CERO, the identity of at least one photographed individual has been confirmed as pertaining to this species, and not to Southern Giant-Petrel M. giganteus. Additionally, there is a single previous Galápagos record of an unidentified Macronectes carcass (Wiedenfeld, 2006).",
6,jufpet,Juan Fernandez Petrel,Pterodroma externa,islo,Galápagos,Islote Sombrero Chino,"Oct 9, 2016",1,-0.36944,-90.58361,0,NO_EBIRD,R. Vogels and M. Bingley,"One individual of undetermined age and sex was observed (Fig. 1b) in cruising flight at sea, but was only identified to species by D. M. Brinkhuizen later by the underwing pattern with a black ‘comma’ in the bend of the wing and an obvious blackish mask grading into a more contrasting cap as compared to its mantle (Howell & Zufelt, 2019; Brinkhuizen & Nilsson, 2020). The species was not entirely unexpected in Galápagos, as it is known to linger in its non-breeding Central and Eastern Pacific range (Howell & Zufelt, 2019). This first Ecuadorian record comes from a somewhat unexpected date given that it is reported as a breeder on Isla Más Afuera, Chile, in October–November (Onley & Scofield, 2007), contra Howell & Zufelt (2019) who report breeding in December–May. It was previously recorded at sea off Peru and Colombia (Remsen et al., 2022).",
6,pifshe,Pink-footed Shearwater,Ardenna creatopus,canal_bolivar,Galápagos,"Canal Bolívar, Isla Isabela ","Jul 25, 2017",1,-0.29523,-91.383848,0,S38420310,A. Jaramillo,"One individual was observed in active, slow, and lumbering flight. Poor documentary photos were obtained, in which the following field marks were noted by the observer: white underparts, partly white underwing surface, and no contrasting cap (Jaramillo, 2017).  The photo voucher of this record has poor quality that precluded publication but allowed identification after careful study. Jaramillo excluded other Ardenna species as the flight style of the observed A. creatopus was not as graceful as Buller’s Shearwater A. bulleri or Wedge-tailed Shearwater A. pacifica. The lack of a dark cap excluded A. bulleri. Although A. creatopus was recently recognized as a year-round transient in the Galápagos (Brinkhuizen & Nilsson, 2020), this report provides the first documented record for the archipelago (Wiedenfeld, 2006; Freile et al., 2022). It is considered a regular visitor to the continental sea (Freile & Restall, 2018).",
6,brnboo,Brown Booby,Sula leucogaster,L1122776,Galápagos,Isla Española,"Nov 17, 2015",1,-1.410872,-89.637268,0,S89602985,L. C. Beltrán ,"A single adult of undetermined sex was observed and photographed flying towards rocky ledges and landing (Fig. 5n). It is considered a rare visitor to Galápagos, but year-round records, as early as 2010 (eBird, 2022) suggest it might have been overlooked (Brinkhuizen & Nilsson, 2020). There are scarce records in mainland Ecuador too (Freile & Restall, 2018), but the species was regarded as a regular wanderer or transient, especially in the Santa Elena peninsula area (Freile et al., 2017).",
6,bcnher,Black-crowned Night-Heron,Nycticorax nycticorax,quebra,Pichincha,"Quebrada San Pedro, Tumbaco","Oct 16, 2019",1,0.182482,-78.404145,2400,NO_EBIRD,C. Vignat and F. Müller,"A single immature individual was observed for several consecutive days fishing in a small artificial pond (Fig. 4e). There are few highland records of this species in Ecuador, including historical reports from the desiccated La Carolina wetlands in the former outskirts of Quito (Chapman, 1926). However, it has likely established breeding colonies at Yaguarcocha and San Pablo lakes, Imbabura province (Guzmán, 2022), as well as in Yambo lake, Cotopaxi province (Henry, 2012; Poveda, 2021). Additional recent records from the Pichincha highlands date back to 2014 (eBird, 2022).",
6,grbher3,Great Blue Heron,Ardea herodias,L1817988,Orellana,Napo River near Yarina,"Feb 13, 2016",1,-0.46566,-76.84412,250,S40043943,J. Huth,"A single individual was observed 15 min down river from Coca on a sandbar on 13 February 2016 and observed again 7 days later (Keef, 2016). Another individual was observed under a bridge near Francisco de Orellana dock (Huth, 2017). Rare but regular in the lowlands west of the Andes; there are few confirmed records from other regions in mainland Ecuador, including just one previously published from the Amazon region (Nilsson et al., 2014). Records in the Andean valleys are even scarcer, with confirmed reports from only two localities in the last 30 years (Arias-Cruzatty, 2015; Freile & Restall, 2018; eBird, 2022).",
6,grbher3,Great Blue Heron,Ardea herodias,coca,Orellana,Francisco de Orellana (Coca),"Oct 21, 2017",1,-0.44266,-76.83922,250,S27979383,K. Keef,"A single individual was observed 15 min down river from Coca on a sandbar on 13 February 2016 and observed again 7 days later (Keef, 2016). Another individual was observed under a bridge near Francisco de Orellana dock (Huth, 2017). Rare but regular in the lowlands west of the Andes; there are few confirmed records from other regions in mainland Ecuador, including just one previously published from the Amazon region (Nilsson et al., 2014). Records in the Andean valleys are even scarcer, with confirmed reports from only two localities in the last 30 years (Arias-Cruzatty, 2015; Freile & Restall, 2018; eBird, 2022).",
6,grnher,Green Heron,Butorides virescens,L8301442,Manabí,"Parque Las Vegas, Portoviejo","Jan 10, 2021",1,-1.06061,-80.44916,40,S79085128,L. Brunetti,"A single adult was observed at Portoviejo for more than 30 min (Fig. 5o), first flying and hiding, then being chased and displaced by a Striated Heron B. striata. Another single adult was observed at a rocky beach in Caleta Tortuga Negra, Santa Cruz (Fig. 3j). This non-breeding boreal visitor is rare in mainland Ecuador, with scattered records mainly from the northern half of the country (Freile & Restall, 2018). Hence, the Portoviejo sighting represents the southernmost record in Ecuador. In Galápagos, B. virescens was known from a single observation of which the voucher photograph was lost (Wiedenfeld, 2006). Therefore, this represents the first documented record for Galápagos.",
6,redegr,Reddish Egret,Egretta rufescens,L2120653,Santa Elena,Ecuasal Pacoa,"Jan 5, 2020",1,-2.09651,-80.73544,0,S63109856,J. C. Figueroa,"A single adult was observed at close range in a brackish estuary adjacent to the sea (Fig. 5p). There are at least three previous records of this species from the same general area (Nilsson et al., 2014, Haase, 2019), first in July 2013 (Haase, 2019). There are regular, subsequent records in January and August 2014, October 2015, June–August and December 2019, January and February 2020, January and February 2022, and September 2022 (Haase, 2019; eBird, 2022). There are no records from mid-February through June, which suggests that this individual (or individuals) migrates somewhere else, possibly north of Ecuador (Haase, 2019).",
6,bafibi1,Bare-faced Ibis,Phimosus infuscatus,arajuno,Napo,Río Arajuno,"May 26, 2018,",29,-1.073625,-77.561503,360,S46130469,H. Brieschke,"The Napo record involves 29 individuals in a flock along the shoreline (Fig. 5q), while the Guayas record corresponds to a single individual observed feeding alongside White Ibis Eudocimus albus, Little Blue Heron Egretta caerulea, and Whimbrel Numenius phaeopus (Fig. 4f). Although P. infuscatus was occasionally observed since the mid-1960s along the Napo River, records were sparse until the 1990s (Ridgely & Greenfield, 2001). As such, it is considered a recent arrival to Ecuador (Freile et al., 2013), spreading rapidly across northern Amazonia, mostly following deforested areas and river courses towards more forested land (eBird, 2022). At present, its range expands into the Amazonian foothills at c. 600–700 m a.s.l., with additional outlying records at higher elevations on the Andean slopes, including the Cosanga-Borja area, above 1600 m a.s.l. (Salagaje et al., 2022), and two exceptional records at 3,000 m a.s.l. in La Libertad, Carchi province (Taimal, 2020) and above 3,600 m a.s.l. in Pampa de Ovejería, Antisana Ecological Reserve, Napo province (Doyle, 2021). Reports from the western slope of the Andes are limited to Chilmá Bajo, in extreme northern Carchi province (Freile et al., 2019a), so the Churute record represents the first from the western lowlands and the southernmost in Ecuador. CERO no longer requests reports of this species.",
6,bafibi1,Bare-faced Ibis,Phimosus infuscatus,L1485651,Guayas,Churute,"Oct 19, 2019",1,-2.50525,-79.600805,10,S60808464,G. Maenz and J. D. Morales,"The Napo record involves 29 individuals in a flock along the shoreline (Fig. 5q), while the Guayas record corresponds to a single individual observed feeding alongside White Ibis Eudocimus albus, Little Blue Heron Egretta caerulea, and Whimbrel Numenius phaeopus (Fig. 4f). Although P. infuscatus was occasionally observed since the mid-1960s along the Napo River, records were sparse until the 1990s (Ridgely & Greenfield, 2001). As such, it is considered a recent arrival to Ecuador (Freile et al., 2013), spreading rapidly across northern Amazonia, mostly following deforested areas and river courses towards more forested land (eBird, 2022). At present, its range expands into the Amazonian foothills at c. 600–700 m a.s.l., with additional outlying records at higher elevations on the Andean slopes, including the Cosanga-Borja area, above 1600 m a.s.l. (Salagaje et al., 2022), and two exceptional records at 3,000 m a.s.l. in La Libertad, Carchi province (Taimal, 2020) and above 3,600 m a.s.l. in Pampa de Ovejería, Antisana Ecological Reserve, Napo province (Doyle, 2021). Reports from the western slope of the Andes are limited to Chilmá Bajo, in extreme northern Carchi province (Freile et al., 2019a), so the Churute record represents the first from the western lowlands and the southernmost in Ecuador. CERO no longer requests reports of this species.",
6,scaibi,Scarlet Ibis,Eudocimus ruber,L10685965,Sucumbíos,Vía Shushufindi-Limoncocha,"Dec 7, 2019",4,-0.2578,-76.65095,260,S62187896,J. Vera Fernández,"Four individuals were observed in a large communal roost of Cattle Egret Bubulcus ibis, to which a few individuals of Phimosus infuscatus also arrived. As with the previous species, E. ruber has been spreading in the Ecuadorian Amazon over the last few years, perhaps at a slower pace than P. infuscatus (eBird, 2022). From September 2020 through 2022, a single individual has repeatedly been reported from Puyo, Pastaza province (eBird, 2022). The first documented, and only third Ecuadorian record, was published less than a decade ago (Freile et al., 2013). CERO no longer requests reports of this species from Orellana or Sucumbíos provinces.",
6,swahaw,Swainson’s Hawk,Buteo swainsoni,sangolqui,Pichincha,Parque Lineal de Sangolquí,"Nov 17, 2015",1,-0.333,-78.44225,2500,S25909535, M. F. Salazar and D. Arias-Cruzatty,"The Pichincha record pertains to a single adult passing high overhead; poor photo quality still allows species identification. Records from Guayas involve a single adult seen landing on pasture (Fig. 5r) and three individuals seen soaring at moderate height above an extensive agricultural area (Fig. 5r). The photographed individual of this trio is an adult, pale morph, but the observers did not mention the age of the other two individuals. There are few records of B. swainsoni from western Ecuador, being more regular in the Amazon lowlands, but western records have increased in recent years (Freile et al., 2020). The July record from La Lagartera indicates a delayed migrant or possibly an over-summering individual.",
6,swahaw,Swainson’s Hawk,Buteo swainsoni,L5838027,Guayas,"La Lagartera, Churute","Jul 25, 2016",1,-2.48677,-79.61163,10,S35016222, G. Maenz,"The Pichincha record pertains to a single adult passing high overhead; poor photo quality still allows species identification. Records from Guayas involve a single adult seen landing on pasture (Fig. 5r) and three individuals seen soaring at moderate height above an extensive agricultural area (Fig. 5r). The photographed individual of this trio is an adult, pale morph, but the observers did not mention the age of the other two individuals. There are few records of B. swainsoni from western Ecuador, being more regular in the Amazon lowlands, but western records have increased in recent years (Freile et al., 2020). The July record from La Lagartera indicates a delayed migrant or possibly an over-summering individual.",
6,swahaw,Swainson’s Hawk,Buteo swainsoni,L5838027,Guayas,"La Lagartera, Churute","Feb 11, 2020",3,-2.48677,-79.61163,10,S64925015, J. C. Figueroa and O. Carrión,"The Pichincha record pertains to a single adult passing high overhead; poor photo quality still allows species identification. Records from Guayas involve a single adult seen landing on pasture (Fig. 5r) and three individuals seen soaring at moderate height above an extensive agricultural area (Fig. 5r). The photographed individual of this trio is an adult, pale morph, but the observers did not mention the age of the other two individuals. There are few records of B. swainsoni from western Ecuador, being more regular in the Amazon lowlands, but western records have increased in recent years (Freile et al., 2020). The July record from La Lagartera indicates a delayed migrant or possibly an over-summering individual.",
6,orbfru1,Orange-breasted Fruiteater,Pipreola jucunda,L2254860,Azuay,Corona de Oro,"May 19, 2019",1,-2.636076,-79.44937,750,S56517651,"P. Molina, A. Carrasco, B. Tinoco, and D. Pacheco-Osorio","One adult male was seen and photographed at close range while foraging along a humid forest border (Fig. 4g). There are several subsequent records from the same locality and nearby Molleturo (eBird, 2022). A presumably different individual showed a distinctly large orange pectoral patch (Molina et al., 2019), a plumage difference that might deserve further investigation. This fruiteater ranges primarily from northern Ecuador to central-west Colombia (Kirwan & Green, 2011), but there are historical specimen records from Cayendeled, Chimborazo province (Chapman, 1926). Corona de Oro represents the southernmost locality for this Chocó endemic species.",
6,grykin,Gray Kingbird,Tyrannus dominicensis,L6467765,Pichincha,Reserva Maquipucuna,"Oct 1, 2021",1,0.1241,-78.63516,1360,S114227384,"M. Flores, J. Shyvers and J. Farley","One individual was observed perching on exposed branches of a Nectandra (Lauraceae) tree in a mature secondary forest (Fig. 4h). It was perched next to an Eastern Kingbird T. tyrannus. Records of this species have increased recently, especially in western Ecuador (eBird, 2022), although it was only recently documented for the first time in the country (Freile et al., 2017). All records from western Ecuador are from September through April, as expected for a boreal migrant. Birds observed at La Segua, Manabí province, were highly territorial and vocal (JFF, pers. observ.).",
6,whrswa1,White-rumped Swallow,Tachycineta leucorrhoa,carme,Carchi,El Carmelo,"Mar 9, 2019",1,0.655788,-77.57079,2750,S73458269,"E. Ocaña, Y. Luna and A. Boas","A single bird was observed in a flock of Brown-bellied Swallow Orochelidon murina and few Blue-and-white Swallow Pygochelidon cyanoleuca that were perching on an electricity cable and repeatedly circling around. Several photos and a video were secured to confirm identification later (Fig. 1c). The superficially similar White-winged Swallow Tachycineta albiventer was excluded because the observed individual had a short and narrow white superciliar stripe, lacked the white wing patches, and upperparts were darker blue (Ridgely & Tudor, 2009). This represents the first record of T. leucorrhoa in Ecuador and the westernmost in mainland South America (Turner, 2020). There are recent records from Curazao in August 2021 and July 2022 (eBird, 2022). It is considered a partial austral migrant (Jahn et al., 2020), although the date of the Carchi record proves to be somewhat early.",
6,cliswa,Cliff Swallow,Petrochelidon pyrrhonota,L471931,Galápagos,Isla Santa Fe,"Mar 24, 2015",1,-0.81691,-90.04068,0,S51542971, G. Carpentier and K. Adams,"A single bird was observed flying at low height along a sandy beach near a sea lion colony (Fig. 3k). There are very few records from Galápagos, this being the first documented one (Brinkhuizen & Nilsson, 2020). Poor photo quality does not allow for subspecies identification, but the pale buff rump and whitish nuchal collar allowed species identification (Freile & Restall, 2018).",
6,swathr,Swainson’s Thrush,Catharus ustulatus,mina_roja,Galápagos,Mina Roja,"Oct 29, 2020",1,-0.63657,-90.35872,630,S75787498, D. Anchundia,"One bird was observed in a woodland that combines native and exotic vegetation (Fig. 3l). Although the species is a common boreal migrant on the mainland (Freile & Restall, 2018), this is the first Galápagos record (Brinkhuizen & Nilsson, 2020).",
6,batoro1,Band-tailed Cacique,Cacicus latirostris,L16834822,Morona Santiago,Kapatinentza,"Oct 30, 2021",1,-2.68008,-77.486306,225,S97373221,"  D. Brinkhuizen, J. Nilsson and D.Utitiaj","One or perhaps two birds were briefly observed in a pre-roosting tree at an oxbow lagoon, with Crested Oropendola Psarocolius decumanus, Russet-backed Oropendola P. angustifrons, and Yellow-rumped Cacique Cacicus cela. They were mostly glossy black and cacique-sized, with yellow bill and pale iris (Freile & Restall, 2018); yellow in the tail was not visible while perched. During take-off, the tail was spread, and the diagnostic tail pattern was observed clearly, as was the solid black terminal band and a broad black central stripe; yellow in the spread tail appeared as two separate ‘windows’ (Fig. 5s). A paler, glossier tone to the upperwing surface, brownish cast to the head/nape, and bright bluish eyes were also visible in flight. This represents the first modern, documented record of this species in Ecuador, as it was previously known from a single specimen collected near Sarayacu, Pastaza province (Ridgely & Greenfield, 2001), as well as a few uncorroborated sightings.",
6,grtgra,Great-tailed Grackle,Quiscalus mexicanus,L471637,Galápagos,Puerto Ayora,"Apr 8, 2010",1,-0.74233,-90.31457,0,S33221868, L. Die,"A single male was observed first flying into a small mangrove patch near a dock (Fig. 3m). The species was previously recorded just once, also in Santa Cruz (Brinkhuizen & Nilsson, 2020). Given that Q. mexicanus is not known to be a long-distance migrant and there is regular shipping traffic between Galápagos and Guayaquil, where the species is a common resident, it is assumed that the species has only arrived on the islands by ship. Therefore, it is not considered to be a naturally-occurring member of the resident or transient avifauna of the archipelago. Die (2010) reports that the photographed individual was seemingly captured by national park personnel and culled.",
6,norwat,Northern Waterthrush,Parkesia noveboracensis,chato,Galápagos,El Chato,"May 16, 2006",1,0.64025,-90.3726,610,S64962269, M. Hyett,A single bird was observed in a small pond in an agricultural area (Fig. 3n). This represents the first Galápagos record of this boreal migrant. The late date suggests a northbound migrant.,
6,prowar,Prothonotary Warbler,Protonotaria citrea ,L5415587,Guayas,"Parque Lineal Kennedy Norte, Guayaquil","Dec 30, 2019",1,-2.163077,-79.9015,5,S64431887, C. Ponce,"A single male was observed in a small mangrove patch foraging at low heights for three consecutive days (Fig. 4i). Presumably, the same individual was observed again in mid-January and stayed until mid-February (López, 2020). Additional records from the same locality from mid-October 2021 (eBird, 2022) suggest a returning individual. This represents the southernmost record in Ecuador (Petit, 2020) of this rare boreal migrant with scarce records in the country (Freile & Restall, 2018).",
6,mouwar,Mourning Warbler,Geothlypis philadelphia,L6118390,Pastaza,Parroquia Veracruz,"Mar 1, 2020",2,-1.50588,-77.9413,960,S66714823, A. Argüello,"Two individuals were repeatedly observed on various dates in secondary forest and herbaceous-shrubby patches in an open area with scattered grassland (Argüello, 2020). Though the number of records of G. philadelphia in Ecuador has increased in recent years, the species is still considered a rare visitor (Freile & Restall, 2018; Ridgely & Greenfield, 2021) and this is among the southernmost records. The species was repeatedly reported from this same locality from March 2020 through December 2021, suggesting wintering site fidelity across three winters (eBird, 2022).",
6,varsee3,Variable Seedeater,Sporophila corvina,L6035325,Zamora Chinchipe,"La Florida Ruins, Palanda","Jan 28, 2020",1,-4.635738,-79.13077,1055,S63923624, M. Sánchez-Nivicela,"An adult male was observed and audio-recorded from a roadside edge along the entrance road to the La Florida Ruins (Fig. 4j). It was first perched low in grasses and then moved up to c. 3 m in dry scrub. A photograph was secured, and the bird was seen at close range, noting its black pectoral collar, white crescent below eyes, white wing speculum, and lack of wing bars (Freile & Restall, 2018).  This is the first documented and submitted record of S. corvina from the Río Mayo drainage in Ecuador (Freile & Restall, 2018), the nearest records being only 33 km north and 40 km east (eBird, 2022), in the upper portion of the Pacific versant. Although there are no records of Caquetá Seedeater Sporophila murallae from the Mayo drainage, the expansion of S. corvina range into the Amazon basin might imply a potential contact zone between these two closely related species, considered members of a superspecies complex (Ocampo et al., 2022). A more recent report 1 km from M. Sánchez-Nivicela record of S. corvina, initially misidentified and submitted to eBird as S. murallae, has come to light (Walker & Apolo, 2019).",
6,reccar4,Red-capped Cardinal,Paroaria gularis,L13565352,Zamora Chinchipe,Valladolid,"Aug 15, 2020",1,-4.55046,-79.13202,1670,S81267064, P. Angulo,"One adult was observed perching on electric wires and then moving into nearby bushes (Fig. 5t). Presumably, the same individual has remained in the area for nearly 2 years (P. Angulo in litt. 2022). This species is confined to the Amazonian lowlands in Ecuador, mostly below 300 m, from the Colombian border south to eastern Morona Santiago province (Freile & Restall, 2018). Its presence in Valladolid, above 1500 m a.s.l., is unusual. Additionally, a previous photographic record of a juvenile near Chontayacu bridge, Napo province, at c. 1120 m a.s.l., is also remarkably high (Tosta-Mayoral et al., 2018).",
7,cubtin1,Curve-billed Tinamou,Nothoprocta curvirostris,test1,Pichincha,road from Tanlahua to Perucho,May-August 2023,X,0.086722,-78.435639,1890,,J. M. Loaiza,"A resident population was found in dry scrub along the road from San Antonio de Pichincha and Hacienda Tanlahua to Perucho, where several individuals have been heard, including at least two males displaying and three females. Several additional recordings have been obtained by J. M. Loaiza in 2022, 2023, and 2025 in the dry valleys spanning from Pomasqui to Calacalí and San Antonio, north of Quito, beyond those previously reported to CERO, at elevations ranging from 1850–3000 m a.s.l. (Loaiza, 2023; see xeno-canto.org). This species is nearly endemic to Ecuador, with previously known records spanning mostly from 3000-4050 m a.s.l. (Freile et al., 2025).",
7,buagua1,Baudo Guan,Penelope ortoni,test2,Pichincha,Septimo Paraiso,13 March 2024,1,0.03028,-78.7635,1560,,"R. Grefa, P. Greenfield, L. Gillette","One individual was observed perching silently, gliding, and then feeding on palm fruits at 30–60 m distance (Fig. 4A). It differed from Crested Guan Penelope purpurascens, the expected species of Penelope in the Mindo area, by its small size, lack of rufescent coloration on the lower belly and crissum, no crest, and small dewlap. It was differentiated from Andean Guan P. montagnii of higher elevations by its dark rump and crissum ( Freile & Restall, 2018). This is the highest (c. 1500 masl) report known to us,since the species is more often found below 1000 masl (Ridgely  & Greenfield, 2001). There are also recent records from Los Cedros Biological Station, Imbab province, up to 1300 masl. (Salazar-Vaca et al., 2016).",
7,grecur1,Great Curassow,Crax rubra,test3,Esmeraldas,Refugio de Vida Silvestre El Pambilar ,23 June 2022,1,0.609,-78.16,360,,D. García ,"One male was photographed in a camera trap as it walked along a trail in mature forest (Bonilla et al., 2022). There are very few recent records of this species in Ecuador, where it is considered as Critically Endangered due to extensive habitat loss and intense hunting (Freile et al., 2019a). The El Pambilar-Canandé-Tesoro Escondido region might prove crucial for the subsistence of this species in Ecuador.",
7,stwqua1,Starred Wood-Quail,Odontophorus stellatus,morona,Morona Santiago,San José de Morona,25 August 2023,1,-2.891667,-77.681257,210,S149823740,"D. Utitiaj, C. Proaño","One individual was heard singing at 17h15 inside secondary forest and audio-recorded (Utitiaj, 2023). The species was relocated at the same site in June and September 2024, but not in November 2024 (eBird, 2025). Another record was obtained in Llanchamacocha, Pastaza province, by Argüello et al. (2024), who obtained the first photographic documentation. This species is very rare in Ecuador, previously  known from a few specimens collected mostly in the southeast (Ridgely & Greenfield, 2001) during the mid 20th century.The last documented report dates back to 1963.Thus, these records from San Jose de Morona and Llanchamacocha are the first modern observations, apart from a few unsubstantiated sightings mentioned in Ridgely & Greenfield (2001).",
7,greani1,Greater Ani,Crotophaga major,test5,Zamora Chinchipe,Río Bombuscaro ,25 December 2023,1,-4.0736,-78.9505,900,,C. Crespo,"One bird was observed moving at low height among riparian vegetation. There are very few recent records of this widespread species in the foothills of the Andes in southeastern Ecuador up to 1000 m a.s.l. (eBird, 2025). It tends to disperse over large distances and to spread following newly deforested areas.",
7,scadov1,Scaled Dove ,Columbina squammata,test6,Napo,Aeropuerto Jumandy ,13 May 2023,1,-1.05593,-77.58208,370,,"J. Rivadeneyra, L. Chancushig, F. Grefa, J. Alvarado","One individual was observed (and two were allegedly heard) while foraging on the ground and perching on buildings and other infrastructure from 16h30 to 17h30 on 13 May 2023 and again on the morning of 14 May 2023. Presumably the same individual, which turned out to be a female, was observed copulating with a male Ruddy Ground Dove (Columbina talpacoti) in late May by Paulo Clemente, and was observed interacting with several C. talpacoti by other observers (Clemente, 2023). A nest with the female incubating was later reported by L. Chancusig on 28 July 2023 (Chancusig, 2023a). A presumed hybrid fledgling was first reported on 14 October 2023 by the same observer (Chancusi , 2023b) and later photographed by J. C. Figueroa in early December 2023. The hybrid was buffy with paler front and face and mostly plain wing coverts with a few black spots suggesting male parentage by C. talpacoti but showed faint dusky scaling  throughout (including the wing coverts, which also showed some whitish scales), an elongated tail, and rufous inner webs of the primaries, as in the parental female. The species was repeatedly observed at the same locality onwards, with the latest record in March 2023 (Chancusig, 2025). This represents the first published record of C. squammata in Ecuador, but we presume the species will increase in numbers and distribution in western Amazonia following corridors of deforested areas. The photos of the hybrid juvenile taken at the same locality are the first evidence of hybridization between these two widespread doves (Silva et al., 2025).",
7,yebcra1,Yellow-breasted Crake,Laterallus flaviventer,test7,Sucumbíos,Reserva Biológica Limoncocha ,2 September 2023,1,-0.39556,-76.61703,245,,"R. Furrow, A. Jaramillo-Toledo, D. Karp, C. Landázuri.","One individual was observed, photographed, and audio-recorded, and a second individual was heard calling in the distance (Furrow et al., 202 ). Habitat was dense grass and floating vegetation on the northern side of Limoncocha lagoon. This and other pairs have been subsequently reported from at least two different spots in the lagoon (eBird, 2025) and breeding evidence was found by Schriefer et al. (2025) in February 2025, when they observed two adults, one juvenile and two chicks. This is the first documentation from Ecuador for this species, which was previously included in the country bird list on the basis of undocumented observations at La Segua, Manabí province (López-Lanús & Gastezzi-Arias, 2000). One subsequent report from La Segua was previously rejected by CERO (Sánchez-Nivicela et al., 2023).",
7,blaoys1,Blackish Oystercatcher ,Haematopus ater,test8,Guayas,Isla Puná ,19 June 2023,1,-2.7586,-80.2173,0,,"J. C. Figueroa, J. C. Navarro, G. Maenz, J. D. Morales, R. Valencia.","One bird was observed standing and foraging on a sandy and muddy beach on the northwestern coast of Isla Puná, at 11h50 (Fig. 4D). Presumably, the same individual was relocated on 23, 24, and 27 June 2023 foraging alongside American Oystercatcher (Haematopus palliatus) north of Bellavista village, 2-3 km north of the beach where first found (eBird, 2025). This species was only recently added to the bird list of Ecuador (Nilsson et al., 2014) based on observations at Chanduy, Santa Elena province, and was previously reported from Isla Puná by Nazati (2016). It is still known from veryfew records, mostly from mid June through late August, but also in October, November, and January (Freile & Restall, 2018; eBird, 2025).",
7,andlap1,Andean Lapwing,Vanellus resplendens,test9,Santa Elena,Punta Brava,31 May 2023,5,-2.196928,-81.001434,0,,W. Lucero,"A flock of five individuals was observed flying and feeding  on a sandy  beach for c. 20 min and then flying south.There are few records from the Pacific lowlands and coast of this primarily montane wader (Freile & Restall, 2018), including previous photographic, sight, and specimen records from Santa Elena peninsula (Haase, 2019; eBird, 2025).",
7,blknod,Black Noddy,Anous minutus,test10,Santa Elena,Ayangue,6 September 2022,1,-1.979463,-80.754676,0,,J. C. Figueroa,"One bird was observed for 30 min flying low over the sea, near a rocky and sandy coast, at 16h30. Presumably the same individual was observed again on 10 September 2022 by J. C. Figueroa, D. Espinoza, and M. Prado, but not on 24 September J.Freile, R. Rivas, J. C. Figueroa, and D. Espinoza.The longish bill, blackish body, and more contrasting white cap with sharp rear end were diagnostic (Howell & Zufelt, 2019). This is the third record of A. minutus in Ecuador (Haase, 2019; Freile et al., 2020). The subspecies identity of birds photographed in Ecuador remains to be determined.",
7,leater1,Least Tern,Sternula antillarum,test11,Santa Elena,Ecuasal Mar Bravo ,9 October 2024,2,-2.246064,-80.94171,0,,"B. Haase, L. Guale.","Two non-breeding adults were observed and photographed at a 30 m distance resting on the ground within a flock of South American Tern (Sterna hirundinacea) and Elegant Tern (Thalasseus elegans). There are very few records, mostly of single individuals, of this boreal vagrant species in coastal Ecuador (Haase, 2019; Freile et al., 2019b). The species mostly winters along the northern coast of South America (Thompson et al., 2020).",
7,bulalb2,Buller's Albatross,Thalassarche bulleri,chuchon,Manabí,off Cerro Chuchón,3 October 2023 ,1,-1.468913,-80.844486,0,S151450855,S. Quimiz Barzola.,"A solitary individual, presumably a second-cycle immature (Howell, 2009), was observed calmly resting on the water surface only c. 6 km from the coastline. Clearer photos of presumably the same individual were obtained on the same day by Schraven (2023) in an imprecise location at sea. Bill pattern and head color are the most distinctive features to separate it from similar Thalassarche species (Onley  & Scofield, 2007; Howell & Zufelt, 2019).This represents the second documented and published record in Ecuador (Freile et al., 2017; Haase, 2019). Haase (2019) reports an additional record of one individual photographed off Salinas in September 2014, but this photo is not publicly available for validation.",
7,,Undetermined Diving Petrel,Pelecanoides sp,test13,Manabí,Puerto López,12 September 2021 ,1,-1.560328,-80.80456,0,,F. del Valle Cortés,"One individual of undetermined age was observed flying low and fast under the touristic pier of Puerto Lopez;its flight was described by the observer as energetic and restless. Upperparts, including the head, were blackish, underparts were whitish, and the throat was white extending as an incomplete nuchal collar. Greyish tips to the underside of the wings and a short bill were also noted (Fig. 4I; see del Valle, 2021). It somewhat recalled an alcid to the observer, who is more familiar ith Northern Hemisphere birds. Even though the most likely species is Peruvian Divin Petrel (P. garnotii), the description and field sketch are insufficient to discard the possibility  of an accidental Magellanic Divin Petrel (Pelecanoides magellanicus) (Howell & Zufelt, 2019). There is only one previous record of P. garnotii in Ecuador (Freile et al., 2020).",
7,jufpet,Juan Fernandez Petrel,Pterodroma externa,test14,Azuay,San José de Guanduyacu, 1-2 January 2025,1,-3.3060518,-79.6338388,380,,Rosa Heras and family,"One weak individual arrived to a farm 40 km inland and was rescued by farmers and delivered to local authorities of the Ministerio del Ambiente, Agua y Transición Ecológica in nearby Machala. It later passed away, but the carcass was not saved for transference to a natural history collection, despite efforts by Manuel Sánchez Nivicela. It was first identified as Galapagos Petrel (Pterodroma phaeopygia), but a more thorough study of all available photographs concluded that it actually is P. externa based on the following diagnostic characters: (1) pale grey breast-sides concolor with mantle but paler than the dark grey hood; (2) silvery grey mantle with scalloped appearance in lower back; and (3) blackish mask (Onley & Scofield, 2007; Howell & Zufelt, 2019).This is the first record of this species in continental Ecuador, since it was first reported only recently for the Galapagos Islands (Sánchez-Nivicela et al., 2023). There is one previous inland record of this species, even more unexpected than the Azuay record, 63 km from the southern coast of Brazil, in Sao Paulo (Barbosa et al., 2024). This is the second record of a pelagic seabird in inland Ecuador, the first being a P. phaeopygia found in western Carchi province (Freile et al., 2017). Adverse and severe climatic conditions at sea might cause unusual inland records of pelagic seabirds (Barbosa et al., 2024), but an assessment of weather conditions at the time of both inland reports in Ecuador is needed before drawing conclusions.",
7,relcor1,Red-legged Cormorant,Poikilocarbo gaimardi,bajo_alto,El Oro,Bajo Alto,29–30 May 2023,1,-3.10875,-79.90065,0,S139779413,C. A. Proaño,"One adult cormorant was observed for c. 15 min at Bajo Alto perching on a rocky breakwater for 2 consecutive days. It was panting and likely sunbathing its wings. Presumably the same adult and an immature individual (fide J. Nilsson and D. Brinkhuizen) were observed at the same locality  up to 27 June, alongside thousands of individuals of other seabird species in an unusual irruption of seabirds that normally occur in colder waters southwards, including Guanay Cormorant (Leucocarbo bougainvilliorum), Inca Tern (Larosterna inca), and Peruvian Booby (Sula variegata) (Brinkhuizen, 2023). The report from Bajo Alto is the first record in Ecuador of P. gaimardi, which normally occurs along coastal Peru southwards to southern Chile and southern Argentina (Nelson, 2005) and was likely associated with an extreme coastal warming event—a coastal El Niño phenomenon (Peng et al., 2024). The species is considered to be mainly sedentary, often dispersing just a few kilometers from breeding grounds and only seldom performing  mid-range dispersal (up to 300 km; Nelson, 2005). However, dispersal after severe climatic conditions, mostly southwards, is expected (Zavalaga et al., 2002). The species is believed to be dramatically affected by sea temperature changes (Zavalaga et al., 2002; Millones et al., 2014). ",
7,relcor1,Red-legged Cormorant,Poikilocarbo gaimardi,test16,Guayas,Data de Posorja,19 June 2023,1,-2.721481,-80.29093,0,NO_EBIRD,"J. C. Figueroa, J. C. Navarro, G. Maenz, J. D. Morales, R. Valencia","Additionally, in Data de Posorja, 62 km northwest of Bajo Alto, one adult was observed 2 weeks after the Bajo Alto record (Figueroa et al., 2023). It was also perching  on a rock near other seabirds and preening. A third record (Barona, 2023) was obtained on 22 June 2023 at El Gallo, 76 km north of Bajo Alto. We cannot determine if the same individuals were involved in all observations.",
7,oilbir1,Oilbird,Steatornis caripensis,test17,El Oro,Machala,4 February 2002,1,-3.255,-79.9695,5,,"X. Uzhca, C. Romero.","One bird was found perched on a building in downtown Machala.There are few records in the Pacific lowlands of this species, which is normally associated with montane and foothill forests of the Andes (Freile & Restall, 2018; eBird, 2025), including one exceptional record from Isla de la Plata, Manabí province (Batie, 2009). The proximity of Machala to the Andean foothills might explain the presence of this wandering individual.",
7,chaswi2,Chapman’s Swift,Chaetura chapmani,cocaya,Orellana,Río Cocaya,18 September 2023,1,-0.92122,-75.24896,180,S198635263,"J. Nilsson, B. Gualavisi, J. Ribadeneyra","The Río Cocaya record involves a single individual observed flying over a small river and adjacent lowland varzea forest for c. 30 min and against an overcast, dark sky. It was identified from accompanying Short-tailed Swift (Chaetura brachyura) by its larger size and longer wings, uniformly dark plumage with no contrasting throat or rump, and longer tail (Schulenberg et al., 2010).It was also identified from other similar and potentially concurring species, including the boreal migrant Chimney Swift (Chaetura pelagica), by the longer wings, location of the wing bend farther from the body, slightly straighter leading edge of the outer wing (hand), more obvious bulge in the middle of the wing, and proportionately smaller, more square-looking  head (Schulenber  et al., 2010).The flight was described as more powerful and less fluttery than C. brachyura, with somewhat deeper wing beats.It typically flew with active wing beats and then sailed/glided for several seconds, with more frequent and longer glides than the accompanying C. brachyura. It lided more frequently and the flight was more deliberate, with less banking than would be expected for C. pelagica. ",
7,chaswi2,Chapman’s Swift,Chaetura chapmani,sendero_polo,Sucumbíos,"Sendero Polo, Limoncocha",23 December 2023,1,-0.39556,-76.61703,245,S156966910,X. Xu.,"The Limoncocha record also pertains to a single individual photographed against an overcast sky (Xu et al., 2023).It was identified as C. chapmani by J. Nilsson based on the same wing-shape and head-shape features mentioned above, as compared to C. pelagica and C. brachyura. Both records were originally submitted as subspecies C. chapmani viridipennis, but identifying subspecies in Chaetura swifts is complicated, and identification criteria are still poorly developed.Therefore, we choose to avoid assigning a subspecies to these records for now, but accept them at the species level.These reports are the first documented records in Ecuador, where previously known from unvouchered sightings (Ridgely & Greenfield, 2001; Howell, 2002).",
7,spthum2,Spot-throated Hummingbird,Thaumasius taczanowskii,isimanchi,Zamora Chinchipe,near Río Isimanchi,20 November 2022,1,-4.827,-79.1182,830,S122752861,M. Ruano.,"A single adult was observed and photographed in secondary scrub (Ruano, 2022) in the Río Mayo drainage. This is the first vouchered record of this species, which was hitherto undocumented in Ecuador (Freile et al., 2025). It was previously included on the country list only on the basis of sight records by several observers, some supported by written descriptions (Ridgely  & Greenfield, 200 Freile et al., 2013; eBird, 2025).",
7,rucnun1,Rufous-capped Nunlet,Nonnula ruficapilla,L5145701,Orellana,Mandaripanga,26 December 2022,1,-0.62402,-76.620734,240,S124705839,"O. Licuy, E. Rosen, E. Rosen, E. Gualinga.","One adult was first observed in the interior of varzea forest singing and perching calmly 3 m above ground at 8h00 and later relocated in the afternoon by J. llanes.This unexpected record is the first in Ecuador, and the site is 450-500 km north and northwest of the nearestknown localities in the department of Loreto, northeastern Peru (eBird, 2025). The intense rufous tone of the breast and rufescent crown suggest that the photographed individual corresponds to subspecies N. ruficapilla rufipectus.This record is puzzling since the species is not known to undertake long dispersal migrations, so a very localized population likely exists in eastern Ecuador.",
7,goftyr1,Golden-faced Tyrannulet,Zimmerius chrysops,test22,Carchi,El Goaltal,29 May 2024,x,0.7848,-78.2076,1100,,"J. M. Loaiza, W. Arteaga, D. Valencia, J. C. Crespo, J. D. Loaiza",,"Several individuals were regularly heard and seen in the four localities mentioned above, at 900–2300 m a.s.l., and later found in several additional sites on the western slope of the Andes in Carchi and adjacent Imbabura provinces (Arteaga-Chávez et al., 2025). These authors reported a broader elevational range (600–2600 m a.s.l.) than the records submitted to CERO. Some individuals observed by Loaiza and co-observers had a faint yellowish chin, but others were greyer, and all were reported from forest borders, secondary woodland, orchards, and second-growth shrubs. These records of Z. chrysops submitted to CERO contribute to a better understanding of its distribution in northwestern Ecuador, where the species is confined to the Andean slopes of western Carchi, northern Imbabura, and adjacent Esmeraldas provinces (Arteaga-Chávez et al., 2025). It seems plausible that it ranges further south along the western Andes in Imbabura, but this area has not been well explored. Choco Tyrannulet (Zimmerius albigularis) apparently replaces Z. chrysops southwards in Imbabura, with records from Los Cedros Reserve, Villaflora, and Chontal (eBird, 2025). Even though there are photographic records assigned to Z. albigularis further downslope (e.g., Alto Tambo and La Unión road, at 600–660 m a.s.l.) in northern Esmeraldas province (eBird, 2025), additional audio recordings of dawn songs obtained by J. M. Loaiza et al. (2024a; 2024b; Fig. 5) as low as 150 m a.s.l. (Durango) and 340 m a.s.l. (La Puerta) pertain to Z. chrysops.These localities are only 30 km north of Playa de Oro, Esmeraldas province, where Z. albigularis occurs (Jahn, 1997). It seems plausible that these species overlap and intergrade in western Carchi and northern Esmeraldas, so a thorough acoustic and genomic study is needed in order to resolve the status and distribution of these taxa in the region. "
7,goftyr1,Golden-faced Tyrannulet,Zimmerius chrysops,test23,Carchi,Jijón y Caamaño,27 May 2024,x,0.8319,-78.2204,1900,,"J. M. Loaiza, W. Arteaga, D. Valencia, J. C. Crespo, J. D. Loaiza ",,"Several individuals were regularly heard and seen in the four localities mentioned above, at 900–2300 m a.s.l., and later found in several additional sites on the western slope of the Andes in Carchi and adjacent Imbabura provinces (Arteaga-Chávez et al., 2025). These authors reported a broader elevational range (600–2600 m a.s.l.) than the records submitted to CERO. Some individuals observed by Loaiza and co-observers had a faint yellowish chin, but others were greyer, and all were reported from forest borders, secondary woodland, orchards, and second-growth shrubs. These records of Z. chrysops submitted to CERO contribute to a better understanding of its distribution in northwestern Ecuador, where the species is confined to the Andean slopes of western Carchi, northern Imbabura, and adjacent Esmeraldas provinces (Arteaga-Chávez et al., 2025). It seems plausible that it ranges further south along the western Andes in Imbabura, but this area has not been well explored. Choco Tyrannulet (Zimmerius albigularis) apparently replaces Z. chrysops southwards in Imbabura, with records from Los Cedros Reserve, Villaflora, and Chontal (eBird, 2025). Even though there are photographic records assigned to Z. albigularis further downslope (e.g., Alto Tambo and La Unión road, at 600–660 m a.s.l.) in northern Esmeraldas province (eBird, 2025), additional audio recordings of dawn songs obtained by J. M. Loaiza et al. (2024a; 2024b; Fig. 5) as low as 150 m a.s.l. (Durango) and 340 m a.s.l. (La Puerta) pertain to Z. chrysops.These localities are only 30 km north of Playa de Oro, Esmeraldas province, where Z. albigularis occurs (Jahn, 1997). It seems plausible that these species overlap and intergrade in western Carchi and northern Esmeraldas, so a thorough acoustic and genomic study is needed in order to resolve the status and distribution of these taxa in the region. "
7,goftyr1,Golden-faced Tyrannulet,Zimmerius chrysops,test24,Carchi,El Chical,29 May 2024,x,0.972,-78.1947,1100,,"J. M. Loaiza, W. Arteaga, D. Valencia, J. C. Crespo, J. D. Loaiza ",,"Several individuals were regularly heard and seen in the four localities mentioned above, at 900–2300 m a.s.l., and later found in several additional sites on the western slope of the Andes in Carchi and adjacent Imbabura provinces (Arteaga-Chávez et al., 2025). These authors reported a broader elevational range (600–2600 m a.s.l.) than the records submitted to CERO. Some individuals observed by Loaiza and co-observers had a faint yellowish chin, but others were greyer, and all were reported from forest borders, secondary woodland, orchards, and second-growth shrubs. These records of Z. chrysops submitted to CERO contribute to a better understanding of its distribution in northwestern Ecuador, where the species is confined to the Andean slopes of western Carchi, northern Imbabura, and adjacent Esmeraldas provinces (Arteaga-Chávez et al., 2025). It seems plausible that it ranges further south along the western Andes in Imbabura, but this area has not been well explored. Choco Tyrannulet (Zimmerius albigularis) apparently replaces Z. chrysops southwards in Imbabura, with records from Los Cedros Reserve, Villaflora, and Chontal (eBird, 2025). Even though there are photographic records assigned to Z. albigularis further downslope (e.g., Alto Tambo and La Unión road, at 600–660 m a.s.l.) in northern Esmeraldas province (eBird, 2025), additional audio recordings of dawn songs obtained by J. M. Loaiza et al. (2024a; 2024b; Fig. 5) as low as 150 m a.s.l. (Durango) and 340 m a.s.l. (La Puerta) pertain to Z. chrysops.These localities are only 30 km north of Playa de Oro, Esmeraldas province, where Z. albigularis occurs (Jahn, 1997). It seems plausible that these species overlap and intergrade in western Carchi and northern Esmeraldas, so a thorough acoustic and genomic study is needed in order to resolve the status and distribution of these taxa in the region. "
7,goftyr1,Golden-faced Tyrannulet,Zimmerius chrysops,test25,Imbabura,Carolina,27 May 2024,x,0.6976,-78.2322,1200,,"J. M. Loaiza, W. Arteaga, D. Valencia, J. C. Crespo, J. D. Loaiza",,"Several individuals were regularly heard and seen in the four localities mentioned above, at 900–2300 m a.s.l., and later found in several additional sites on the western slope of the Andes in Carchi and adjacent Imbabura provinces (Arteaga-Chávez et al., 2025). These authors reported a broader elevational range (600–2600 m a.s.l.) than the records submitted to CERO. Some individuals observed by Loaiza and co-observers had a faint yellowish chin, but others were greyer, and all were reported from forest borders, secondary woodland, orchards, and second-growth shrubs. These records of Z. chrysops submitted to CERO contribute to a better understanding of its distribution in northwestern Ecuador, where the species is confined to the Andean slopes of western Carchi, northern Imbabura, and adjacent Esmeraldas provinces (Arteaga-Chávez et al., 2025). It seems plausible that it ranges further south along the western Andes in Imbabura, but this area has not been well explored. Choco Tyrannulet (Zimmerius albigularis) apparently replaces Z. chrysops southwards in Imbabura, with records from Los Cedros Reserve, Villaflora, and Chontal (eBird, 2025). Even though there are photographic records assigned to Z. albigularis further downslope (e.g., Alto Tambo and La Unión road, at 600–660 m a.s.l.) in northern Esmeraldas province (eBird, 2025), additional audio recordings of dawn songs obtained by J. M. Loaiza et al. (2024a; 2024b; Fig. 5) as low as 150 m a.s.l. (Durango) and 340 m a.s.l. (La Puerta) pertain to Z. chrysops.These localities are only 30 km north of Playa de Oro, Esmeraldas province, where Z. albigularis occurs (Jahn, 1997). It seems plausible that these species overlap and intergrade in western Carchi and northern Esmeraldas, so a thorough acoustic and genomic study is needed in order to resolve the status and distribution of these taxa in the region. "
7,ruffly1,Rufous Flycatcher,Myiarchus semirufus,limones,Loja,Limones,15 January 2022,1,-4.425434,-80.3319,180,S101059773,"A. Carrasco, J. Humbser, D. Pacheco, A. Vanegas.","The Limones record involved a single individual observed for c. 5 min as it perched in a Prosopis tree in a degraded dry  woodland (Vanegas et al., 2022). It was not relocated on 28 January by several observers. These observations represent the first and second records of this species in Ecuador, but the Limones record was not entirely  unexpected since it only lies 30 km north of the closest documented record in Peru (Lanyon, 1975, see eBird, 2025). Dates might suggest local dispersal, even though the species is considered sedentary (Schulenberg et al., 2010). ",
7,ruffly1,Rufous Flycatcher,Myiarchus semirufus,subida_alta,Guayas,"Subida Alta, Isla Puná", 6 December 2024,1,-2.8247,-80.236,5,S205602288,J. Romero Rivas.,"At Subida Alta, one bird was observed two times perching and moving among dry woodland branches 3–4 m above ground, between 7h00–8h00. These observations represent the first and second records of this species in Ecuador, but the Limones record was not entirely  unexpected since it only lies 30 km north of the closest documented record in Peru (Lanyon, 1975, see eBird, 2025). Dates might suggest local dispersal, even though the species is considered sedentary (Schulenberg et al., 2010). ",
7,thsfly2,Three-striped Flycatcher,Conopias trivirgatus,test28,Orellana,Río Cocaya,18 September 2023,3,-0.92122,-75.24896,180,,"J. Nilsson, B. Gualavisí, J. Ribadeneira","A presumed family group of three birds was observed for c. 90 min during overcast conditions in a swampy varzea forest dominated  by small palms. They were mostly perching in the canopy, calling regularly, and briefly joining a mixed-species flock. Identification was mostly based on voice, but the following plumage characters were also noted: entirely yellow underparts,  relatively thin supercilium that did not reach the bill, and a smudgy, blackish-grey crown paler than the ear coverts (Schulenberg et al., 2010). There are very few documented records of this species in Ecuador (Ridgely  & Greenfield, 2001), including the only known nest in Ecuador, found between palm fronds in a terra firme forest patch surrounded by a cleared area, as reported by Greeney et al. (2018).",
7,grykin,Gray Kingbird,Tyrannus dominicensis,mocoli,Guayas,Guayaquil,10 November 2022,1,-2.163077,-79.9015,5,S122207199,C. Ponce,"One individual was observed at c. 8 m distance perching low in sparse trees in a cleared field. There are few records of this boreal migrant in Ecuador, but the number of reports has increased notably since the first documented record obtained by J. Nilsson near Atacames, Esmeraldas province in December 2014 (Freile et al., 2017).",
7,ligtyr1,Little Ground Tyrant,Syrtidicola fluviatilis,test30,Loja,Villonaco,5-8 August 2022,1,-3.952514,-79.269552,2640,,F. Castillo.,"One bird was observed foraging on the ground and in low vegetation in a degraded area near paramo (Castillo, 2022). Identification as S. fluviatilis was confirmed based on the whitish tone to the underparts (contra buffy-white underparts in Spot-billed Ground Tyrant (Muscisaxicola maculirostris)), warm buff crown, shorter legs, and shorter primary projection versus expected longer primary projection in austral migrant populations of M. maculirostris (Fjeldså & Krabbe, 1990).There are few records of this species in Ecuador, which was only documented for the first time by R. Ahlman in 2014 (Freile et al., 2017).The Villonaco report is the first record in the high Andes of Ecuador, but there are at least three records from the Andean slopes near Palanda, Zamora Chinchipe province, obtained in July 1992, January 2019, and November 2021 (Ridgely & Greenfield, 2001, eBird, 2025).It remains to be determined if all records in the Andes and Andean slopes of Ecuador involved vagrants from the lowlands or dispersers from further south in the species range (Farnsworth & Langham, 2021).",
7,bkwvir,Black-whiskered Vireo,Vireo altiloquus,L5415587,Guayas,"Parque Lineal Kennedy, Guayaquil", 13 October 2024,1,-2.161112,-79.902138,10,S198793090,C. Ponce ,"A single bird was observed for c. 4 min and photographed. It was initially identified as Chivi Vireo (Vireo chivi) (Ponce, 2024), but later spotted on eBird by J. Nilsson, who re-identified it based on its narrow blackish malar stripes. This represents the first record of V. altiloquus in Ecuador and one of the very few records along the Pacific lowlands of South America (eBird, 2025).It seems plausible that the species has been overlooked due to its general similarity to V. chivi, Red-eyed Vireo (V. olivaceus), and Yellow-green Vireo (V. flavoviridis), all well-known species in Ecuador (Freile & Restall, 2018).The first record for South America was obtained in Peru only in 2018  (CRAP, 2020), and perhaps more records will emerge as more observers become aware of its potential for vagrancy to the continent.",
7,grtgra,Great-tailed Grackle,Quiscalus mexicanus,test32,Carchi,El Carmelo,12 March 2023,1,0.6698,-77.5913,2840,,M. Olivo.,"One female-plumaged bird was observed for over 2 h in an urban park during overcast weather. Although the species is known to disperse widely following deforestation and habitat change in other countries (Wehthe, 2003), in Ecuador it has remained confined to the coastal lowlands, mainly close to the coastline and in mangroves (McMullan & Navarrete, 2017; Freile & Restall, 2018).",
7,conwar,Connecticut Warbler,Oporornis agilis,L618326,Pichincha,Jardín Botánico de Quito,17 May 2025,1,-0.186416,-78.485527,2780,S239297431,L. Navarrete ,"A single male individual was observed and photographed while foraging on the ground in fairly dense vegetation (Navarrete, 2025). The same bird was subsequently seen by several observers up to 20 May 2025 (eBird, 2025). There is only one other documented record of O. agilis in Ecuador, of a bird mist-netted near Playa de Oro, Esmeraldas province, in 1996 (Jahn et al., 1999). Two additional sight records have detailed and compelling descriptions (eBird, 2025). One comes from Camino de Jordan, Sucumbios province (Brieschke, 2025), which consists of a single individual observed in detail and identified mostly by the broken white eye-ring, and another one comes from Sani Isla, Orellana province, where a presumably female as also identified mainly by the broken eye-ring (Cook, 2012).",
7,reccar,Red-crested Cardinal,Paroaria coronata,test34,Imbabura,Ibarra,23 April 2025,2,0.3451,-78.1343,2220,,C. Aulestia,"One pair was found attending a nest in an urban park. The cup-shaped nest was built c. 3 m above the ground in a Sambucus tree, was constructed mainly with thin dry twigs and contained six whitish eggs with brownish scrawls. Records of this species in urban parks of Quito date back to, at least, 2000-2005, but most records involve 1-2 adult individuals, with no signs of breeding (eBird, 2025). It was added to the country list in 2019 as an undocumented, introduced species, but the only documentation of probable breeding available until now was a photo of one adult and two immature birds in a semi-urban garden (Gandara, 2020).The Ibarra nest might represent the first evidence of breeding in Ecuador, even though in a later visit to the nest, C. Aulestia found it presumably abandoned due to human disturbance, so we cannot confirm if the nestlings fledged successfull .The number of eggs in the nest, and the fact that at least two eggs looked slightly larger and less lotched, suggest that the nest was parasitized  by Shiny Cowbird (Molothrus bonariensis) (see Segura et al., 2015). There are several records of P. coronata in Quito, Guayaquil, Riobamba, Mindo, and Cuenca (eBird, 2025), with a single report from a more rural landscape in northeastern Amazonia at Jambelí, Sucumbíos province (Castillo, 2023).",
